#run_id,world_size,frame_num,sampling_steps,colors,frames,height,width,txt_enc,img_enc,vae_enc,sched_setup,dit,sched,vae_dec,total
0,4,21,5,3,21,544,720,2.52,2.19,2.63,0.28,56.57,2.24,1.12,68.25
0,4,21,10,3,21,544,720,0.17,0.04,0.53,0.30,11.93,0.54,0.82,14.53
0,4,21,20,3,21,544,720,0.17,0.03,0.54,0.30,22.97,0.78,0.82,25.81
0,4,21,50,3,21,544,720,0.17,0.04,0.53,0.30,57.62,1.51,0.82,61.20
0,4,41,5,3,41,544,720,0.17,0.03,1.31,0.30,11.33,0.55,2.06,15.95
0,4,41,10,3,41,544,720,0.17,0.03,1.31,0.30,21.74,0.81,2.06,26.62
0,4,41,20,3,41,544,720,0.17,0.03,1.31,0.30,43.50,1.31,2.06,48.88
0,4,41,50,3,41,544,720,0.17,0.03,1.31,0.30,108.66,2.83,2.06,115.57
0,4,61,5,3,61,544,720,0.17,0.04,2.08,0.30,16.59,0.69,3.30,23.37
0,4,61,10,3,61,544,720,0.17,0.03,2.08,0.30,32.93,1.09,3.62,40.11
0,4,61,20,3,61,544,720,0.17,0.03,2.08,0.30,65.95,1.89,3.30,73.92
0,4,61,50,3,61,544,720,0.17,0.03,2.09,0.30,164.80,4.28,3.30,175.18
0,4,81,5,3,81,544,720,0.17,0.03,2.85,0.30,23.72,0.88,4.53,32.70
0,4,81,10,3,81,544,720,0.17,0.03,2.85,0.30,47.42,1.47,4.54,56.98
0,4,81,20,3,81,544,720,0.17,0.03,2.85,0.30,95.08,2.64,4.55,105.82
0,4,81,50,3,81,544,720,0.17,0.03,2.85,0.30,238.08,6.16,4.55,252.36
1,4,21,5,3,21,544,720,0.17,0.03,0.54,0.30,5.76,0.42,0.82,8.25
1,4,21,10,3,21,544,720,0.17,0.03,0.54,0.30,11.53,0.54,0.82,14.14
1,4,21,20,3,21,544,720,0.17,0.03,0.53,0.30,23.07,0.79,0.82,25.92
1,4,21,50,3,21,544,720,0.17,0.03,0.53,0.30,57.68,1.51,0.82,61.26
1,4,41,5,3,41,544,720,0.17,0.03,1.31,0.30,10.87,0.55,2.06,15.49
1,4,41,10,3,41,544,720,0.17,0.03,1.31,0.30,21.76,0.81,2.06,26.63
1,4,41,20,3,41,544,720,0.17,0.03,1.31,0.30,43.53,1.32,2.06,48.92
1,4,41,50,3,41,544,720,0.17,0.03,1.31,0.30,108.88,2.83,2.06,115.80
1,4,61,5,3,61,544,720,0.17,0.03,2.08,0.30,16.66,0.69,3.30,23.44
1,4,61,10,3,61,544,720,0.17,0.03,2.08,0.30,33.01,1.10,3.30,40.20
1,4,61,20,3,61,544,720,0.17,0.03,2.09,0.30,66.04,1.89,3.30,74.03
1,4,61,50,3,61,544,720,0.17,0.03,2.08,0.30,165.23,4.29,3.31,175.62
1,4,81,5,3,81,544,720,0.17,0.03,2.85,0.30,23.79,0.88,4.55,32.77
1,4,81,10,3,81,544,720,0.17,0.03,2.86,0.30,47.56,1.47,4.54,57.13
1,4,81,20,3,81,544,720,0.17,0.03,2.86,0.30,95.17,2.64,4.54,105.91
1,4,81,50,3,81,544,720,0.17,0.03,2.86,0.30,238.25,6.17,4.55,252.54
2,4,21,5,3,21,544,720,0.17,0.03,0.53,0.30,5.77,0.42,0.82,8.25
2,4,21,10,3,21,544,720,0.17,0.03,0.53,0.30,11.53,0.54,0.82,14.13
2,4,21,20,3,21,544,720,0.17,0.03,0.53,0.30,23.09,0.78,0.82,25.94
2,4,21,50,3,21,544,720,0.17,0.03,0.54,0.30,57.76,1.51,0.82,61.35
2,4,41,5,3,41,544,720,0.17,0.03,1.31,0.30,10.88,0.55,2.06,15.51
2,4,41,10,3,41,544,720,0.17,0.03,1.31,0.30,21.74,0.81,2.06,26.63
2,4,41,20,3,41,544,720,0.17,0.03,1.31,0.30,43.49,1.31,2.06,48.88
2,4,41,50,3,41,544,720,0.17,0.03,1.31,0.30,108.87,2.84,2.06,115.79
2,4,61,5,3,61,544,720,0.17,0.03,2.08,0.30,16.52,0.70,3.31,23.31
2,4,61,10,3,61,544,720,0.17,0.03,2.08,0.30,33.01,1.10,3.31,40.20
2,4,61,20,3,61,544,720,0.17,0.03,2.08,0.30,66.12,1.90,3.31,74.12
2,4,61,50,3,61,544,720,0.17,0.03,2.08,0.30,165.41,4.30,3.31,175.82
2,4,81,5,3,81,544,720,0.17,0.03,2.86,0.30,23.81,0.89,4.55,32.81
2,4,81,10,3,81,544,720,0.17,0.03,2.87,0.30,47.59,1.47,4.55,57.18
#run_id,world_size,frame_num,sampling_steps,colors,frames,height,width,time_seconds
0,2,21,5,3,21,544,720,2.83,5.14,3.03,0.28,32.82,1.12,1.72,47.99
0,2,21,10,3,21,544,720,0.16,0.86,0.53,0.30,19.65,0.75,0.82,23.27
0,2,21,20,3,21,544,720,0.16,0.03,0.53,0.30,39.42,1.22,0.82,42.69
0,2,21,50,3,21,544,720,0.16,0.04,0.53,0.30,98.84,2.59,0.82,103.50
0,2,41,5,3,41,544,720,0.16,0.03,1.31,0.30,19.78,0.78,2.06,24.62
0,2,41,10,3,41,544,720,0.16,0.03,1.31,0.30,39.53,1.27,2.06,44.87
0,2,41,20,3,41,544,720,0.16,0.04,1.32,0.30,79.09,2.23,2.06,85.40
0,2,41,50,3,41,544,720,0.16,0.04,1.32,0.30,197.85,5.16,2.06,207.10
0,2,61,5,3,61,544,720,0.16,0.03,2.09,0.30,31.54,1.09,3.30,38.71
0,2,61,10,3,61,544,720,0.16,0.03,2.08,0.30,63.05,1.87,3.30,71.00
0,2,61,20,3,61,544,720,0.16,0.03,2.08,0.30,126.07,3.44,3.30,135.59
0,2,61,50,3,61,544,720,0.16,0.03,2.08,0.30,315.09,8.17,4.13,330.17
0,2,81,5,3,81,544,720,0.16,0.03,2.85,0.30,45.84,1.45,4.54,55.37
0,2,81,10,3,81,544,720,0.16,0.03,2.86,0.30,91.33,2.60,4.54,102.02
0,2,81,20,3,81,544,720,0.16,0.03,2.87,0.30,182.72,4.91,4.54,195.74
#run_id,world_size,frame_num,sampling_steps,colors,frames,height,width,txt_enc,img_enc,vae_enc,sched_setup,dit,sched,vae_dec,total
w,2,4,1,3,5,544,720,2.60,0.23,0.25,0.00,1.76,0.67,1.37,7.04
0,2,5,1,3,5,544,720,0.16,0.03,0.04,0.17,0.75,0.18,0.03,1.50
0,2,5,5,3,5,544,720,0.16,0.03,0.04,0.17,4.50,0.56,0.03,5.62
0,2,5,10,3,5,544,720,0.16,0.03,0.04,0.17,7.49,0.31,0.03,8.36
0,2,5,20,3,5,544,720,0.16,0.03,0.04,0.17,14.99,0.73,0.03,16.28
0,2,5,50,3,5,544,720,0.16,0.03,0.04,0.17,37.58,0.88,0.03,39.04
0,2,21,1,3,21,544,720,0.16,0.03,0.54,0.30,1.98,0.35,0.82,4.37
0,2,21,5,3,21,544,720,0.16,0.03,0.53,0.30,9.86,0.53,0.82,12.43
0,2,21,10,3,21,544,720,0.16,0.03,0.54,0.30,19.72,0.76,0.82,22.52
0,2,21,20,3,21,544,720,0.16,0.03,0.53,0.30,39.46,1.21,0.82,42.73
0,2,21,50,3,21,544,720,0.16,0.03,0.53,0.30,98.79,2.60,0.82,103.45
0,2,41,1,3,41,544,720,0.16,0.03,1.31,0.30,3.96,0.40,2.06,8.41
0,2,41,5,3,41,544,720,0.16,0.03,1.31,0.30,19.75,0.78,2.06,24.59
0,2,41,10,3,41,544,720,0.16,0.03,1.31,0.30,39.55,1.27,2.06,44.89
0,2,41,20,3,41,544,720,0.16,0.03,1.31,0.30,79.13,2.24,2.06,85.45
0,2,41,50,3,41,544,720,0.16,0.03,1.31,0.30,197.81,5.16,2.07,207.05
0,2,61,1,3,61,544,720,0.16,0.03,2.08,0.30,6.30,0.46,3.30,12.83
0,2,61,5,3,61,544,720,0.16,0.03,2.08,0.30,31.48,1.09,3.30,38.63
0,2,61,10,3,61,544,720,0.16,0.03,2.08,0.30,62.95,1.87,3.30,70.90
0,2,61,20,3,61,544,720,0.16,0.03,2.08,0.30,126.00,3.44,3.30,135.52
0,2,61,50,3,61,544,720,0.16,0.03,2.08,0.30,314.92,8.17,3.30,329.17
0,2,81,1,3,81,544,720,0.16,0.03,2.85,0.30,9.13,0.53,4.54,17.74
0,2,81,5,3,81,544,720,0.16,0.03,2.85,0.30,45.63,1.45,4.54,55.15
0,2,81,10,3,81,544,720,0.16,0.03,2.85,0.30,91.33,2.60,4.54,102.02
0,2,81,20,3,81,544,720,0.16,0.03,2.85,0.30,182.68,4.91,4.54,195.68
0,2,81,50,3,81,544,720,0.16,0.03,2.85,0.30,456.96,11.82,4.54,476.89
1,2,5,1,3,5,544,720,0.16,0.03,0.04,0.17,0.75,0.19,0.03,1.50
1,2,5,5,3,5,544,720,0.16,0.03,0.04,0.17,3.76,0.24,0.03,4.56
1,2,5,10,3,5,544,720,0.16,0.03,0.04,0.17,7.52,0.31,0.03,8.40
1,2,5,20,3,5,544,720,0.16,0.03,0.04,0.17,15.05,0.46,0.03,16.07
1,2,5,50,3,5,544,720,0.16,0.03,0.04,0.17,37.74,0.88,0.03,39.20
1,2,21,1,3,21,544,720,0.18,0.05,0.56,0.30,1.99,0.34,0.82,4.45
1,2,21,5,3,21,544,720,0.17,0.05,0.55,0.30,9.95,0.52,0.82,12.56
1,2,21,10,3,21,544,720,0.17,0.05,0.55,0.30,19.90,0.74,0.82,22.73
1,2,21,20,3,21,544,720,0.16,0.04,0.54,0.30,39.62,1.21,0.82,42.90
1,2,21,50,3,21,544,720,0.16,0.03,0.54,0.30,99.03,2.60,0.82,103.71
1,2,41,1,3,41,544,720,0.16,0.03,1.32,0.30,3.96,0.40,2.06,8.43
1,2,41,5,3,41,544,720,0.16,0.03,1.32,0.30,19.76,0.79,2.06,24.62
1,2,41,10,3,41,544,720,0.16,0.03,1.31,0.30,39.53,1.27,2.06,44.86
1,2,41,20,3,41,544,720,0.16,0.04,1.32,0.30,79.10,2.24,2.06,85.44
1,2,41,50,3,41,544,720,0.16,0.03,1.31,0.30,198.02,5.12,2.06,207.22
1,2,61,1,3,61,544,720,0.16,0.03,2.08,0.30,6.31,0.46,3.30,12.84
1,2,61,5,3,61,544,720,0.16,0.04,2.08,0.30,31.51,1.09,3.31,38.67
1,2,61,10,3,61,544,720,0.16,0.03,2.09,0.30,63.03,1.87,3.30,70.99
1,2,61,20,3,61,544,720,0.16,0.03,2.08,0.30,126.03,3.45,3.30,135.56
1,2,61,50,3,61,544,720,0.16,0.04,2.08,0.30,315.34,8.14,3.30,329.58
#run_id,world_size,frame_num,sampling_steps,colors,frames,height,width,txt_enc,img_enc,vae_enc,sched_setup,dit,sched,vae_dec,total
w,1,4,1,3,5,544,720,2.381,3.222,2.552,0.001,2.289,0.126,1.945,12.766
0,1,5,1,3,5,544,720,0.123,0.036,0.188,0.160,0.999,0.276,0.026,2.048
0,1,5,5,3,5,544,720,0.124,0.037,0.116,0.169,4.985,2.685,0.026,8.509
0,1,5,10,3,5,544,720,0.123,0.036,0.108,0.169,10.011,1.342,0.027,12.050
0,1,5,20,3,5,544,720,0.123,0.036,0.108,0.169,20.064,3.228,0.028,23.987
0,1,5,50,3,5,544,720,0.125,0.036,0.106,0.170,50.276,6.059,0.030,57.034
0,1,21,1,3,21,544,720,0.136,0.040,0.590,0.298,3.185,0.667,0.821,6.074
0,1,21,5,3,21,544,720,0.122,0.036,0.659,0.300,15.926,2.151,0.821,20.320
0,1,21,10,3,21,544,720,0.141,0.036,0.735,0.299,31.823,4.008,0.818,38.159
0,1,21,20,3,21,544,720,0.133,0.038,0.608,0.300,63.660,7.714,0.820,73.571
0,1,21,50,3,21,544,720,0.131,0.045,0.590,0.298,159.371,18.860,0.820,180.423
0,1,41,1,3,41,544,720,0.136,0.040,1.331,0.298,6.609,1.060,2.056,11.891
0,1,41,5,3,41,544,720,0.129,0.038,1.330,0.297,32.975,4.113,2.053,41.237
0,1,41,10,3,41,544,720,0.131,0.035,1.363,0.298,66.031,7.937,2.051,78.251
0,1,41,20,3,41,544,720,0.122,0.036,1.334,0.299,132.071,15.581,2.051,151.791
0,1,41,50,3,41,544,720,0.134,0.041,1.342,0.299,330.077,38.490,2.050,372.973
0,1,61,1,3,61,544,720,0.133,0.042,2.099,0.297,10.821,1.543,3.284,19.092
0,1,61,5,3,61,544,720,0.121,0.034,2.094,0.300,54.221,6.581,3.281,66.939
0,1,61,10,3,61,544,720,0.122,0.035,2.092,0.298,108.312,12.832,3.283,127.275
0,1,61,20,3,61,544,720,0.122,0.035,2.096,0.299,216.526,25.208,3.282,247.865
0,1,61,50,3,61,544,720,0.123,0.035,2.095,0.300,541.018,62.905,3.283,610.080
0,1,81,1,3,81,544,720,0.122,0.035,2.828,0.298,17.069,2.112,4.517,27.278
0,1,81,5,3,81,544,720,0.122,0.035,2.824,0.299,79.044,9.355,4.515,96.493
0,1,81,10,3,81,544,720,0.122,0.035,2.875,0.299,158.041,18.422,4.517,184.704
0,1,81,20,3,81,544,720,0.138,0.043,2.827,0.298,316.241,36.551,4.518,360.918
#run_id,world_size,frame_num,sampling_steps,colors,frames,height,width,txt_enc,img_enc,vae_enc,sched_setup,dit,sched,vae_dec,total
w,8,4,1,3,5,544,720,1.943,0.897,2.120,0.001,86.003,0.257,1.572,92.915
0,8,5,1,3,5,544,720,0.205,0.040,0.044,0.168,0.474,0.172,0.025,1.261
0,8,5,5,3,5,544,720,0.170,0.035,0.041,0.168,2.902,1.718,0.025,5.752
0,8,5,10,3,5,544,720,0.169,0.034,0.043,0.170,4.365,0.216,0.025,5.149
0,8,5,20,3,5,544,720,0.170,0.034,0.041,0.171,8.699,1.075,0.026,10.341
0,8,5,50,3,5,544,720,0.174,0.036,0.040,0.169,21.694,0.386,0.026,22.656
0,8,21,1,3,21,544,720,0.173,0.035,0.542,0.298,0.853,0.310,1.221,3.628
0,8,21,5,3,21,544,720,0.170,0.034,0.540,0.299,3.724,0.361,0.815,6.137
0,8,21,10,3,21,544,720,0.172,0.035,0.540,0.300,7.442,0.426,0.817,9.925
0,8,21,20,3,21,544,720,0.172,0.035,0.540,0.299,14.871,0.551,0.817,17.480
0,8,21,50,3,21,544,720,0.171,0.035,0.540,0.300,37.188,0.934,0.820,40.185
0,8,41,1,3,41,544,720,0.171,0.035,1.322,0.298,1.919,0.324,2.054,6.320
0,8,41,5,3,41,544,720,0.169,0.034,1.323,0.300,6.264,0.432,2.055,10.773
0,8,41,10,3,41,544,720,0.171,0.035,1.320,0.299,12.527,0.564,2.057,17.169
0,8,41,20,3,41,544,720,0.171,0.035,1.321,0.300,25.077,0.832,2.058,29.989
0,8,41,50,3,41,544,720,0.171,0.035,1.324,0.301,62.833,1.636,2.063,68.562
0,8,61,1,3,61,544,720,0.171,0.035,2.113,0.300,3.077,0.340,3.301,9.532
0,8,61,5,3,61,544,720,0.171,0.035,2.107,0.300,9.016,0.503,3.297,15.625
0,8,61,10,3,61,544,720,0.170,0.034,2.105,0.300,18.051,0.707,3.300,24.864
0,8,61,20,3,61,544,720,0.171,0.035,2.105,0.300,36.141,1.120,3.302,43.372
0,8,61,50,3,61,544,720,0.171,0.035,2.101,0.300,90.526,2.360,3.308,99.000
0,8,81,1,3,81,544,720,0.171,0.035,2.879,0.300,3.309,0.359,4.543,11.794
0,8,81,5,3,81,544,720,0.169,0.034,2.877,0.300,12.792,0.597,4.546,21.514
0,8,81,10,3,81,544,720,0.171,0.035,2.885,0.299,25.577,0.895,4.547,34.609
0,8,81,20,3,81,544,720,0.171,0.035,2.882,0.300,51.200,1.497,4.553,60.838
0,8,81,50,3,81,544,720,0.171,0.035,2.890,0.301,128.134,3.299,4.552,139.583
1,8,5,1,3,5,544,720,0.171,0.035,0.041,0.172,0.436,0.175,0.025,1.185
1,8,5,5,3,5,544,720,0.170,0.034,0.039,0.172,2.167,0.192,0.025,2.927
1,8,5,10,3,5,544,720,0.170,0.034,0.040,0.172,4.338,0.215,0.027,5.122
1,8,5,20,3,5,544,720,0.170,0.035,0.041,0.172,8.668,0.260,0.026,9.500
1,8,5,50,3,5,544,720,0.171,0.035,0.042,0.172,21.629,0.391,0.026,22.594
1,8,21,1,3,21,544,720,0.170,0.035,0.540,0.301,0.750,0.313,0.820,3.124
1,8,21,5,3,21,544,720,0.170,0.034,0.540,0.300,3.734,0.362,0.820,6.156
1,8,21,10,3,21,544,720,0.170,0.035,0.541,0.301,7.455,0.426,0.822,9.945
1,8,21,20,3,21,544,720,0.170,0.035,0.541,0.300,14.915,0.554,0.822,17.533
1,8,21,50,3,21,544,720,0.171,0.035,0.540,0.301,37.339,0.937,0.822,40.342
1,8,41,1,3,41,544,720,0.171,0.035,1.317,0.300,1.272,0.326,2.063,5.682
1,8,41,5,3,41,544,720,0.171,0.035,1.317,0.300,6.289,0.432,2.059,10.800
1,8,41,10,3,41,544,720,0.171,0.035,1.317,0.299,12.577,0.564,2.059,17.221
1,8,41,20,3,41,544,720,0.171,0.035,1.319,0.300,25.158,0.834,2.063,30.078
1,8,41,50,3,41,544,720,0.171,0.035,1.326,0.300,62.968,1.641,2.064,68.703
1,8,61,1,3,61,544,720,0.171,0.035,2.095,0.300,1.827,0.340,3.304,8.270
1,8,61,5,3,61,544,720,0.171,0.035,2.100,0.300,9.037,0.505,3.304,15.650
1,8,61,10,3,61,544,720,0.172,0.035,2.093,0.300,18.083,0.710,3.300,24.891
1,8,61,20,3,61,544,720,0.172,0.035,2.096,0.301,36.171,1.122,3.305,43.399
1,8,61,50,3,61,544,720,0.171,0.035,2.095,0.301,90.568,2.360,3.306,99.034
1,8,81,1,3,81,544,720,0.171,0.035,2.871,0.300,2.588,0.359,4.545,11.067
1,8,81,5,3,81,544,720,0.172,0.035,2.879,0.300,12.795,0.598,4.543,21.519
1,8,81,10,3,81,544,720,0.172,0.035,2.883,0.300,25.547,0.896,4.542,34.572
1,8,81,20,3,81,544,720,0.171,0.035,2.876,0.300,51.203,1.495,4.553,60.833
1,8,81,50,3,81,544,720,0.171,0.035,2.881,0.301,128.172,3.299,4.550,139.606
2,8,5,1,3,5,544,720,0.171,0.035,0.041,0.172,0.436,0.175,0.025,1.184
2,8,5,5,3,5,544,720,0.170,0.034,0.040,0.173,2.159,0.194,0.025,2.921
2,8,5,10,3,5,544,720,0.170,0.034,0.039,0.172,4.322,0.213,0.026,5.105
2,8,5,20,3,5,544,720,0.170,0.034,0.041,0.172,8.636,0.253,0.026,9.462
2,8,5,50,3,5,544,720,0.171,0.035,0.041,0.172,21.603,0.392,0.026,22.570
2,8,21,1,3,21,544,720,0.171,0.035,0.539,0.301,0.753,0.313,0.821,3.128
2,8,21,5,3,21,544,720,0.172,0.035,0.541,0.300,3.738,0.362,0.820,6.165
2,8,21,10,3,21,544,720,0.170,0.034,0.540,0.300,7.461,0.427,0.823,9.950
2,8,21,20,3,21,544,720,0.170,0.035,0.540,0.301,14.946,0.553,0.822,17.563
2,8,21,50,3,21,544,720,0.171,0.035,0.542,0.301,37.453,0.939,0.822,40.461
2,8,41,1,3,41,544,720,0.171,0.035,1.326,0.300,1.261,0.326,2.061,5.675
2,8,41,5,3,41,544,720,0.170,0.034,1.326,0.300,6.293,0.432,2.063,10.814
2,8,41,10,3,41,544,720,0.172,0.035,1.328,0.300,12.583,0.566,2.064,17.244
2,8,41,20,3,41,544,720,0.172,0.035,1.325,0.300,25.202,0.835,2.062,30.129
2,8,41,50,3,41,544,720,0.171,0.035,1.323,0.301,62.962,1.640,2.065,68.696
2,8,61,1,3,61,544,720,0.171,0.035,2.110,0.301,1.815,0.339,3.304,8.270
2,8,61,5,3,61,544,720,0.170,0.034,2.106,0.301,9.035,0.505,3.304,15.651
2,8,61,10,3,61,544,720,0.171,0.035,2.106,0.301,18.071,0.710,3.305,24.897
2,8,61,20,3,61,544,720,0.171,0.035,2.098,0.299,36.174,1.120,3.304,43.401
2,8,61,50,3,61,544,720,0.171,0.035,2.099,0.301,90.539,2.361,3.306,99.011
2,8,81,1,3,81,544,720,0.170,0.035,2.882,0.300,2.571,0.359,4.545,11.061
2,8,81,5,3,81,544,720,0.171,0.035,2.883,0.300,12.795,0.598,4.544,21.526
2,8,81,10,3,81,544,720,0.172,0.035,2.889,0.300,25.577,0.897,4.552,34.620
2,8,81,20,3,81,544,720,0.172,0.035,2.891,0.300,51.208,1.496,4.547,60.848
2,8,81,50,3,81,544,720,0.170,0.035,2.892,0.301,128.144,3.299,4.549,139.588
#run_id,world_size,frame_num,sampling_steps,colors,frames,height,width,txt_enc,img_enc,vae_enc,sched_setup,dit,sched,vae_dec,total
w,8,4,1,3,5,544,720,2.297,0.472,1.460,0.001,84.303,0.653,1.147,90.459
0,8,5,1,3,5,544,720,0.182,0.041,0.044,0.168,0.460,0.172,0.026,1.226
0,8,5,5,3,5,544,720,0.169,0.035,0.041,0.170,2.717,2.041,0.025,5.706
0,8,5,10,3,5,544,720,0.169,0.034,0.043,0.171,4.358,0.213,0.026,5.140
0,8,5,20,3,5,544,720,0.171,0.034,0.040,0.171,8.691,0.254,0.026,9.514
0,8,5,50,3,5,544,720,0.169,0.034,0.040,0.171,21.819,0.372,0.026,22.760
0,8,21,1,3,21,544,720,0.172,0.034,0.542,0.300,1.220,0.312,0.911,3.685
0,8,21,5,3,21,544,720,0.169,0.034,0.540,0.299,3.727,0.361,0.816,6.141
0,8,21,10,3,21,544,720,0.171,0.035,0.538,0.300,7.460,0.426,0.818,9.942
0,8,21,20,3,21,544,720,0.171,0.034,0.541,0.301,14.900,0.553,0.819,17.514
0,8,21,50,3,21,544,720,0.171,0.035,0.541,0.300,37.249,0.932,0.821,40.508
0,8,41,1,3,41,544,720,0.172,0.035,1.321,0.298,2.317,0.324,2.057,6.722
0,8,41,5,3,41,544,720,0.170,0.035,1.320,0.300,6.268,0.431,2.057,10.777
0,8,41,10,3,41,544,720,0.170,0.035,1.321,0.300,12.539,0.565,2.059,17.185
0,8,41,20,3,41,544,720,0.170,0.035,1.323,0.300,25.096,0.831,2.061,30.012
0,8,41,50,3,41,544,720,0.171,0.037,1.324,0.300,62.866,1.634,2.064,68.595
0,8,61,1,3,61,544,720,0.170,0.035,2.107,0.300,1.809,0.340,3.469,8.262
0,8,61,5,3,61,544,720,0.170,0.035,2.103,0.301,9.031,0.504,3.302,15.644
0,8,61,10,3,61,544,720,0.170,0.035,2.106,0.300,18.062,0.709,3.301,24.882
0,8,61,20,3,61,544,720,0.169,0.035,2.108,0.299,36.167,1.119,3.305,43.404
0,8,61,50,3,61,544,720,0.172,0.035,2.109,0.301,90.534,2.356,3.306,99.012
0,8,81,1,3,81,544,720,0.171,0.035,2.890,0.300,2.557,0.359,4.547,11.058
0,8,81,5,3,81,544,720,0.172,0.035,2.892,0.300,12.765,0.597,4.544,21.504
0,8,81,10,3,81,544,720,0.170,0.035,2.889,0.301,25.541,0.897,4.551,34.582
0,8,81,20,3,81,544,720,0.171,0.035,2.891,0.300,51.173,1.495,4.546,60.810
0,8,81,50,3,81,544,720,0.169,0.035,2.889,0.301,128.004,3.296,4.549,139.444
1,8,5,1,3,5,544,720,0.170,0.035,0.042,0.171,0.437,0.174,0.026,1.185
1,8,5,5,3,5,544,720,0.170,0.034,0.040,0.172,2.182,0.189,0.026,2.942
1,8,5,10,3,5,544,720,0.169,0.034,0.041,0.171,4.350,0.207,0.026,5.127
1,8,5,20,3,5,544,720,0.171,0.035,0.039,0.172,8.693,0.249,0.027,9.512
1,8,5,50,3,5,544,720,0.169,0.035,0.041,0.171,21.690,0.369,0.027,22.632
1,8,21,1,3,21,544,720,0.170,0.035,0.542,0.301,0.748,0.313,0.820,3.122
1,8,21,5,3,21,544,720,0.170,0.034,0.541,0.302,3.719,0.364,0.820,6.144
1,8,21,10,3,21,544,720,0.170,0.035,0.542,0.301,7.450,0.426,0.821,9.940
1,8,21,20,3,21,544,720,0.170,0.035,0.542,0.301,14.893,0.552,0.822,17.512
1,8,21,50,3,21,544,720,0.170,0.035,0.541,0.301,37.300,0.934,0.823,40.300
1,8,41,1,3,41,544,720,0.170,0.035,1.325,0.301,1.257,0.326,2.062,5.674
1,8,41,5,3,41,544,720,0.169,0.034,1.324,0.300,6.275,0.431,2.062,10.792
1,8,41,10,3,41,544,720,0.170,0.035,1.324,0.299,12.552,0.564,2.059,17.202
1,8,41,20,3,41,544,720,0.172,0.035,1.323,0.301,25.121,0.833,2.061,30.043
1,8,41,50,3,41,544,720,0.170,0.035,1.325,0.299,62.887,1.633,2.064,68.615
1,8,61,1,3,61,544,720,0.170,0.035,2.103,0.301,1.811,0.341,3.305,8.263
1,8,61,5,3,61,544,720,0.170,0.035,2.105,0.299,9.033,0.503,3.302,15.645
1,8,61,10,3,61,544,720,0.170,0.035,2.102,0.299,18.067,0.709,3.302,24.885
1,8,61,20,3,61,544,720,0.172,0.035,2.105,0.299,36.169,1.119,3.304,43.404
1,8,61,50,3,61,544,720,0.171,0.035,2.103,0.300,90.523,2.357,3.306,98.996
1,8,81,1,3,81,544,720,0.170,0.035,2.885,0.301,2.569,0.360,4.545,11.063
1,8,81,5,3,81,544,720,0.170,0.034,2.885,0.300,12.785,0.598,4.543,21.512
1,8,81,10,3,81,544,720,0.170,0.035,2.883,0.301,25.566,0.898,4.551,34.602
1,8,81,20,3,81,544,720,0.170,0.035,2.891,0.301,51.188,1.498,4.551,60.833
1,8,81,50,3,81,544,720,0.170,0.035,2.898,0.301,128.117,3.297,4.548,139.567
2,8,5,1,3,5,544,720,0.170,0.035,0.041,0.172,0.439,0.174,0.026,1.187
2,8,5,5,3,5,544,720,0.169,0.034,0.040,0.172,2.170,0.187,0.026,2.925
2,8,5,10,3,5,544,720,0.169,0.034,0.040,0.172,4.334,0.209,0.026,5.111
2,8,5,20,3,5,544,720,0.169,0.034,0.042,0.172,8.667,0.245,0.027,9.484
2,8,5,50,3,5,544,720,0.170,0.035,0.042,0.171,21.672,0.359,0.027,22.605
2,8,21,1,3,21,544,720,0.171,0.035,0.542,0.300,0.748,0.312,0.820,3.123
2,8,21,5,3,21,544,720,0.171,0.035,0.542,0.301,3.729,0.363,0.821,6.157
2,8,21,10,3,21,544,720,0.170,0.034,0.542,0.300,7.454,0.425,0.821,9.943
2,8,21,20,3,21,544,720,0.170,0.035,0.543,0.300,14.909,0.552,0.821,17.528
2,8,21,50,3,21,544,720,0.171,0.035,0.543,0.300,37.332,0.933,0.822,40.333
2,8,41,1,3,41,544,720,0.170,0.035,1.327,0.300,1.261,0.326,2.061,5.676
2,8,41,5,3,41,544,720,0.170,0.034,1.323,0.301,6.282,0.432,2.061,10.799
2,8,41,10,3,41,544,720,0.170,0.035,1.321,0.301,12.563,0.566,2.063,17.215
2,8,41,20,3,41,544,720,0.171,0.035,1.326,0.300,25.131,0.833,2.064,30.058
2,8,41,50,3,41,544,720,0.171,0.035,1.326,0.301,62.935,1.637,2.066,68.669
2,8,61,1,3,61,544,720,0.170,0.035,2.114,0.301,1.807,0.341,3.306,8.270
2,8,61,5,3,61,544,720,0.169,0.034,2.110,0.300,9.038,0.503,3.304,15.657
2,8,61,10,3,61,544,720,0.169,0.035,2.098,0.300,18.087,0.711,3.303,24.901
2,8,61,20,3,61,544,720,0.170,0.035,2.109,0.301,36.178,1.121,3.305,43.417
2,8,61,50,3,61,544,720,0.171,0.035,2.103,0.300,90.528,2.356,3.307,98.999
2,8,81,1,3,81,544,720,0.172,0.035,2.885,0.300,2.566,0.359,4.548,11.062
2,8,81,5,3,81,544,720,0.170,0.034,2.887,0.301,12.763,0.599,4.542,21.493
2,8,81,10,3,81,544,720,0.170,0.035,2.881,0.301,25.566,0.897,4.544,34.591
2,8,81,20,3,81,544,720,0.171,0.035,2.890,0.301,51.158,1.496,4.546,60.794
#run_id,world_size,frame_num,sampling_steps,colors,frames,height,width,txt_enc,img_enc,vae_enc,sched_setup,dit,sched,vae_dec,total
w,4,5,1,3,5,544,720,3.211,2.367,2.052,0.001,44.843,0.589,1.446,54.573
0,4,5,1,3,5,544,720,0.168,0.035,0.040,0.170,0.524,0.177,0.025,1.267
0,4,5,5,3,5,544,720,0.167,0.035,0.040,0.170,3.199,1.581,0.025,5.459
0,4,5,10,3,5,544,720,0.167,0.034,0.043,0.171,5.179,0.242,0.026,5.988
0,4,5,20,3,5,544,720,0.168,0.034,0.040,0.171,10.352,0.631,0.026,11.548
0,4,5,50,3,5,544,720,0.169,0.034,0.041,0.171,25.848,0.531,0.026,26.949
0,4,21,1,3,21,544,720,0.168,0.034,0.538,0.299,1.154,0.322,1.053,3.763
0,4,21,5,3,21,544,720,0.168,0.036,0.536,0.300,5.748,0.419,0.896,8.296
0,4,21,10,3,21,544,720,0.168,0.035,0.536,0.301,11.515,0.541,0.820,14.110
0,4,21,20,3,21,544,720,0.168,0.034,0.537,0.300,23.047,0.782,0.821,25.885
0,4,21,50,3,21,544,720,0.168,0.035,0.539,0.301,57.696,1.502,0.822,61.258
0,4,41,1,3,41,544,720,0.169,0.036,1.309,0.299,2.419,0.348,2.060,6.837
0,4,41,5,3,41,544,720,0.168,0.035,1.314,0.300,10.927,0.542,2.062,15.545
0,4,41,10,3,41,544,720,0.169,0.035,1.312,0.300,21.804,0.802,2.060,26.679
0,4,41,20,3,41,544,720,0.169,0.035,1.315,0.301,43.496,1.313,2.060,48.885
0,4,41,50,3,41,544,720,0.169,0.035,1.317,0.300,108.945,2.832,2.064,115.858
0,4,61,1,3,61,544,720,0.169,0.035,2.095,0.298,3.909,0.375,3.304,10.385
0,4,61,5,3,61,544,720,0.169,0.036,2.088,0.300,16.571,0.692,3.302,23.357
0,4,61,10,3,61,544,720,0.168,0.036,2.093,0.301,33.116,1.091,3.303,40.305
0,4,61,20,3,61,544,720,0.169,0.035,2.090,0.301,66.240,1.892,3.308,74.233
0,4,61,50,3,61,544,720,0.170,0.037,2.094,0.300,165.449,4.288,3.305,175.843
0,4,81,1,3,81,544,720,0.169,0.035,2.854,0.300,4.786,0.416,4.545,13.302
0,4,81,5,3,81,544,720,0.169,0.035,2.861,0.299,23.789,0.883,4.543,32.778
0,4,81,10,3,81,544,720,0.168,0.034,2.865,0.300,47.653,1.469,4.545,57.233
0,4,81,20,3,81,544,720,0.170,0.034,2.864,0.300,95.397,2.636,4.552,106.153
0,4,81,50,3,81,544,720,0.170,0.035,2.861,0.300,238.631,6.163,4.547,252.911
1,4,5,1,3,5,544,720,0.169,0.034,0.042,0.171,0.521,0.177,0.026,1.272
1,4,5,5,3,5,544,720,0.168,0.034,0.040,0.173,2.598,0.208,0.025,3.373
1,4,5,10,3,5,544,720,0.169,0.034,0.040,0.172,5.210,0.242,0.027,6.022
1,4,5,20,3,5,544,720,0.168,0.035,0.040,0.171,10.380,0.312,0.027,11.263
1,4,5,50,3,5,544,720,0.170,0.035,0.043,0.171,25.919,0.524,0.027,27.021
1,4,21,1,3,21,544,720,0.167,0.035,0.539,0.301,1.160,0.324,0.822,3.544
1,4,21,5,3,21,544,720,0.166,0.034,0.537,0.302,5.764,0.419,0.823,8.240
1,4,21,10,3,21,544,720,0.168,0.034,0.539,0.301,11.533,0.540,0.824,14.135
1,4,21,20,3,21,544,720,0.170,0.036,0.537,0.301,23.048,0.783,0.824,25.896
1,4,21,50,3,21,544,720,0.169,0.035,0.539,0.301,57.719,1.499,0.823,61.284
1,4,41,1,3,41,544,720,0.169,0.035,1.319,0.300,2.194,0.351,2.063,6.629
1,4,41,5,3,41,544,720,0.169,0.035,1.317,0.300,10.930,0.552,2.063,15.565
1,4,41,10,3,41,544,720,0.169,0.037,1.312,0.300,21.848,0.804,2.064,26.734
1,4,41,20,3,41,544,720,0.169,0.035,1.317,0.301,43.743,1.314,2.064,49.140
1,4,41,50,3,41,544,720,0.169,0.037,1.319,0.300,109.339,2.831,2.064,116.260
1,4,61,1,3,61,544,720,0.169,0.035,2.079,0.300,3.333,0.380,3.302,9.795
1,4,61,5,3,61,544,720,0.168,0.035,2.094,0.300,16.560,0.699,3.303,23.359
1,4,61,10,3,61,544,720,0.169,0.036,2.088,0.299,33.130,1.095,3.305,40.323
1,4,61,20,3,61,544,720,0.169,0.035,2.088,0.301,66.275,1.891,3.306,74.265
1,4,61,50,3,61,544,720,0.171,0.035,2.092,0.300,165.806,4.294,3.304,176.203
1,4,81,1,3,81,544,720,0.169,0.033,2.863,0.300,4.783,0.416,4.543,13.305
1,4,81,5,3,81,544,720,0.168,0.033,2.859,0.299,23.822,0.882,4.539,32.802
1,4,81,10,3,81,544,720,0.169,0.033,2.859,0.299,47.649,1.467,4.546,57.222
1,4,81,20,3,81,544,720,0.168,0.035,2.864,0.301,95.349,2.640,4.547,106.102
#run_id,world_size,frame_num,sampling_steps,colors,frames,height,width,txt_enc,img_enc,vae_enc,sched_setup,dit,sched,vae_dec,total
w,4,5,1,3,5,544,720,1.101,3.907,0.289,0.001,47.064,0.427,0.375,53.398
0,4,5,1,3,5,544,720,0.180,0.036,0.044,0.170,0.525,0.176,0.026,1.284
0,4,5,2,3,5,544,720,0.169,0.036,0.041,0.170,1.112,0.451,0.248,2.289
0,4,5,4,3,5,544,720,0.166,0.036,0.041,0.169,2.802,0.814,0.026,4.408
0,4,5,5,3,5,544,720,0.167,0.035,0.043,0.170,2.615,0.204,0.027,3.388
0,4,5,10,3,5,544,720,0.169,0.035,0.044,0.171,5.256,0.240,0.028,6.068
0,4,5,20,3,5,544,720,0.168,0.035,0.041,0.171,10.365,0.315,0.027,11.249
0,4,5,50,3,5,544,720,0.169,0.035,0.040,0.171,25.889,0.527,0.027,26.988
0,4,21,1,3,21,544,720,0.170,0.035,0.539,0.300,1.554,0.323,1.039,4.154
0,4,21,2,3,21,544,720,0.167,0.034,0.539,0.301,2.302,0.347,1.560,5.443
0,4,21,4,3,21,544,720,0.168,0.034,0.537,0.301,4.603,0.396,0.820,7.052
0,4,21,5,3,21,544,720,0.168,0.034,0.536,0.301,5.757,0.420,0.819,8.230
0,4,21,10,3,21,544,720,0.168,0.035,0.533,0.300,11.530,0.538,0.820,14.119
0,4,21,20,3,21,544,720,0.168,0.035,0.537,0.301,23.071,0.783,0.821,25.911
0,4,21,50,3,21,544,720,0.168,0.035,0.537,0.301,57.858,1.493,0.824,61.413
0,4,41,1,3,41,544,720,0.206,0.042,1.353,0.299,2.680,0.345,2.063,7.188
0,4,41,2,3,41,544,720,0.200,0.056,1.345,0.300,4.379,0.396,2.061,8.937
0,4,41,4,3,41,544,720,0.175,0.041,1.348,0.301,8.713,0.500,2.060,13.335
0,4,41,5,3,41,544,720,0.169,0.035,1.318,0.300,10.917,0.554,2.061,15.551
0,4,41,10,3,41,544,720,0.170,0.038,1.328,0.298,21.815,0.795,2.062,26.707
0,4,41,20,3,41,544,720,0.183,0.054,1.323,0.299,43.617,1.310,2.063,49.052
0,4,41,50,3,41,544,720,0.168,0.035,1.315,0.300,108.948,2.831,2.065,115.861
0,4,61,1,3,61,544,720,0.168,0.035,2.092,0.301,3.308,0.379,3.306,9.786
0,4,61,2,3,61,544,720,0.169,0.035,2.085,0.301,6.612,0.459,3.302,13.161
0,4,61,4,3,61,544,720,0.169,0.035,2.085,0.300,13.231,0.612,3.299,19.928
0,4,61,5,3,61,544,720,0.181,0.037,2.123,0.299,16.652,0.685,3.299,23.477
0,4,61,10,3,61,544,720,0.170,0.039,2.085,0.300,33.110,1.090,3.308,40.311
0,4,61,20,3,61,544,720,0.168,0.035,2.109,0.300,66.167,1.892,3.309,74.182
0,4,61,50,3,61,544,720,0.169,0.035,2.089,0.301,165.449,4.278,3.307,175.827
0,4,81,1,3,81,544,720,0.190,0.039,2.924,0.298,4.785,0.412,4.543,13.397
0,4,81,2,3,81,544,720,0.169,0.035,2.885,0.300,9.529,0.529,4.541,18.189
0,4,81,4,3,81,544,720,0.172,0.035,2.898,0.297,19.017,0.761,4.540,27.926
0,4,81,5,3,81,544,720,0.170,0.035,2.863,0.299,23.840,0.883,4.544,32.833
0,4,81,10,3,81,544,720,0.168,0.035,2.862,0.300,47.686,1.472,4.548,57.271
0,4,81,20,3,81,544,720,0.170,0.035,2.869,0.301,95.296,2.644,4.546,106.060
0,4,81,50,3,81,544,720,0.188,0.047,2.951,0.300,238.514,6.161,4.551,252.919
1,4,5,1,3,5,544,720,0.168,0.035,0.042,0.171,0.542,0.178,0.026,1.292
1,4,5,2,3,5,544,720,0.168,0.034,0.043,0.172,1.037,0.185,0.026,1.792
1,4,5,4,3,5,544,720,0.168,0.034,0.043,0.172,2.073,0.199,0.026,2.843
1,4,5,5,3,5,544,720,0.167,0.034,0.045,0.171,2.629,0.203,0.029,3.406
1,4,5,10,3,5,544,720,0.169,0.040,0.051,0.169,5.754,0.226,0.028,6.570
1,4,5,20,3,5,544,720,0.169,0.041,0.052,0.167,13.063,0.327,0.029,13.985
1,4,5,50,3,5,544,720,0.175,0.048,0.045,0.170,27.986,0.501,0.027,29.085
1,4,21,1,3,21,544,720,0.169,0.035,0.536,0.300,1.155,0.323,0.821,3.536
1,4,21,2,3,21,544,720,0.167,0.035,0.535,0.300,2.312,0.344,0.820,4.710
1,4,21,4,3,21,544,720,0.170,0.036,0.545,0.301,4.623,0.390,0.822,7.082
1,4,21,5,3,21,544,720,0.169,0.035,0.537,0.300,5.763,0.418,0.822,8.240
1,4,21,10,3,21,544,720,0.169,0.037,0.547,0.300,11.579,0.536,0.822,14.187
1,4,21,20,3,21,544,720,0.170,0.035,0.537,0.301,23.080,0.781,0.822,25.922
1,4,21,50,3,21,544,720,0.168,0.035,0.536,0.301,57.835,1.508,0.824,61.403
1,4,41,1,3,41,544,720,0.170,0.035,1.315,0.301,2.183,0.350,2.062,6.614
1,4,41,2,3,41,544,720,0.168,0.035,1.317,0.301,4.363,0.400,2.062,8.840
1,4,41,4,3,41,544,720,0.179,0.035,1.311,0.301,8.699,0.502,2.062,13.286
1,4,41,5,3,41,544,720,0.169,0.035,1.311,0.301,10.890,0.551,2.061,15.514
1,4,41,10,3,41,544,720,0.168,0.035,1.311,0.301,21.781,0.806,2.063,26.663
1,4,41,20,3,41,544,720,0.169,0.036,1.311,0.300,43.572,1.284,2.069,48.935
1,4,41,50,3,41,544,720,0.198,0.041,1.355,0.299,109.316,2.794,2.064,116.280
1,4,61,1,3,61,544,720,0.169,0.035,2.090,0.301,3.309,0.381,3.304,9.786
1,4,61,2,3,61,544,720,0.168,0.035,2.084,0.300,6.590,0.458,3.302,13.133
1,4,61,4,3,61,544,720,0.169,0.035,2.084,0.301,13.219,0.617,3.302,19.924
1,4,61,5,3,61,544,720,0.168,0.035,2.086,0.299,16.511,0.697,3.301,23.295
1,4,61,10,3,61,544,720,0.169,0.035,2.086,0.300,33.011,1.094,3.305,40.198
1,4,61,20,3,61,544,720,0.168,0.035,2.084,0.300,66.268,1.879,3.312,74.247
1,4,61,50,3,61,544,720,0.201,0.039,2.127,0.301,165.636,4.281,3.305,176.090
1,4,81,1,3,81,544,720,0.169,0.035,2.866,0.301,4.751,0.417,4.544,13.280
1,4,81,2,3,81,544,720,0.168,0.035,2.874,0.300,9.496,0.532,4.542,18.143
1,4,81,4,3,81,544,720,0.169,0.035,2.859,0.301,18.995,0.767,4.542,27.865
1,4,81,5,3,81,544,720,0.169,0.035,2.863,0.300,23.865,0.874,4.541,32.845
1,4,81,10,3,81,544,720,0.182,0.045,2.947,0.300,47.674,1.460,4.547,57.356
1,4,81,20,3,81,544,720,0.183,0.040,2.922,0.300,95.448,2.644,4.545,106.283
1,4,81,50,3,81,544,720,0.169,0.035,2.863,0.300,238.711,6.133,4.550,252.960
2,4,5,1,3,5,544,720,0.183,0.042,0.054,0.168,0.528,0.183,0.026,1.324
2,4,5,2,3,5,544,720,0.178,0.034,0.042,0.170,1.053,0.183,0.026,1.819
2,4,5,4,3,5,544,720,0.168,0.034,0.045,0.171,2.081,0.199,0.026,2.854
2,4,5,5,3,5,544,720,0.167,0.034,0.045,0.172,2.607,0.208,0.032,3.389
2,4,5,10,3,5,544,720,0.174,0.040,0.049,0.167,5.962,0.248,0.028,6.805
2,4,5,20,3,5,544,720,0.295,0.036,0.044,0.170,10.385,0.311,0.035,11.401
2,4,5,50,3,5,544,720,0.192,0.040,0.049,0.167,26.047,0.522,0.027,27.180
2,4,21,1,3,21,544,720,0.168,0.035,0.539,0.301,1.161,0.325,0.821,3.544
2,4,21,2,3,21,544,720,0.173,0.036,0.536,0.300,2.308,0.347,0.822,4.720
2,4,21,4,3,21,544,720,0.167,0.035,0.541,0.301,4.620,0.396,0.823,7.078
2,4,21,5,3,21,544,720,0.169,0.035,0.538,0.301,5.774,0.419,0.821,8.253
2,4,21,10,3,21,544,720,0.177,0.038,0.537,0.301,11.549,0.537,0.821,14.157
2,4,21,20,3,21,544,720,0.169,0.035,0.534,0.300,23.128,0.782,0.823,25.970
2,4,21,50,3,21,544,720,0.169,0.036,0.536,0.301,57.709,1.504,0.823,61.273
2,4,41,1,3,41,544,720,0.169,0.036,1.314,0.301,2.180,0.353,2.062,6.611
2,4,41,2,3,41,544,720,0.169,0.035,1.311,0.300,4.514,0.400,2.060,8.986
2,4,41,4,3,41,544,720,0.169,0.035,1.311,0.301,8.887,0.502,2.060,13.459
2,4,41,5,3,41,544,720,0.170,0.038,1.314,0.299,11.048,0.553,2.059,15.680
2,4,41,10,3,41,544,720,0.169,0.035,1.315,0.300,22.017,0.805,2.061,26.902
2,4,41,20,3,41,544,720,0.169,0.035,1.315,0.301,43.788,1.311,2.063,49.179
2,4,41,50,3,41,544,720,0.169,0.035,1.313,0.300,109.139,2.830,2.063,116.048
2,4,61,1,3,61,544,720,0.168,0.035,2.088,0.301,3.567,0.380,3.302,10.039
2,4,61,2,3,61,544,720,0.168,0.034,2.087,0.300,6.846,0.458,3.302,13.395
2,4,61,4,3,61,544,720,0.170,0.035,2.085,0.300,13.455,0.618,3.302,20.164
2,4,61,5,3,61,544,720,0.171,0.036,2.557,0.300,16.544,0.705,3.301,23.815
2,4,61,10,3,61,544,720,0.170,0.035,2.553,0.300,33.027,1.095,3.309,40.689
2,4,61,20,3,61,544,720,0.169,0.035,2.549,0.300,66.092,1.896,3.306,74.545
2,4,61,50,3,61,544,720,0.169,0.035,2.083,0.299,165.696,4.305,3.315,176.101
2,4,81,1,3,81,544,720,0.169,0.037,2.867,0.301,4.761,0.417,4.543,13.293
2,4,81,2,3,81,544,720,0.168,0.033,2.847,0.301,9.783,0.533,4.541,18.402
2,4,81,4,3,81,544,720,0.173,0.034,2.858,0.300,18.991,0.765,4.535,27.855
2,4,81,5,3,81,544,720,0.170,0.035,3.109,0.300,23.760,0.883,4.540,32.995
2,4,81,10,3,81,544,720,0.169,0.034,3.142,0.300,47.665,1.473,4.551,57.534
2,4,81,20,3,81,544,720,0.168,0.034,2.868,0.300,100.844,2.656,4.559,111.628
2,4,81,50,3,81,544,720,0.169,0.039,2.874,0.301,238.243,6.158,4.545,252.529
#run_id,world_size,frame_num,sampling_steps,colors,frames,height,width,txt_enc,img_enc,vae_enc,sched_setup,dit,sched,vae_dec,total
w,1,5,1,3,5,544,720,1.609,5.924,1.495,0.001,2.497,0.958,1.383,14.126
0,1,5,1,3,5,544,720,0.122,0.035,0.118,0.169,0.997,0.285,0.027,1.990
0,1,5,2,3,5,544,720,0.122,0.036,0.117,0.169,1.993,0.492,0.027,3.186
0,1,5,4,3,5,544,720,0.122,0.037,0.108,0.169,3.991,1.519,0.026,6.202
0,1,5,5,3,5,544,720,0.121,0.035,0.116,0.170,4.993,0.752,0.026,6.442
0,1,5,10,3,5,544,720,0.122,0.035,0.105,0.170,10.017,1.342,0.030,12.049
0,1,5,20,3,5,544,720,0.125,0.035,0.108,0.169,20.059,3.426,0.027,24.191
0,1,5,50,3,5,544,720,0.124,0.037,0.117,0.170,50.183,6.045,0.028,56.946
0,1,9,1,3,9,544,720,0.123,0.036,0.133,0.296,1.488,0.468,0.085,2.922
0,1,9,2,3,9,544,720,0.122,0.035,0.142,0.297,2.971,0.643,0.084,4.585
0,1,9,4,3,9,544,720,0.121,0.035,0.131,0.298,5.941,0.990,0.086,7.891
0,1,9,5,3,9,544,720,0.123,0.035,0.142,0.296,7.428,1.164,0.085,9.566
0,1,9,10,3,9,544,720,0.123,0.036,0.141,0.297,14.864,2.029,0.085,17.865
0,1,9,20,3,9,544,720,0.121,0.035,0.131,0.297,29.735,3.774,0.087,34.472
0,1,9,50,3,9,544,720,0.125,0.036,0.131,0.296,74.317,8.980,0.085,84.264
0,1,21,1,3,21,544,720,0.129,0.039,0.581,0.298,3.187,0.669,0.819,6.018
0,1,21,2,3,21,544,720,0.122,0.035,0.579,0.300,6.370,1.040,0.818,9.559
0,1,21,4,3,21,544,720,0.122,0.036,0.580,0.300,12.727,1.781,0.817,16.656
0,1,21,5,3,21,544,720,0.122,0.035,0.579,0.300,15.927,2.151,0.819,20.227
0,1,21,10,3,21,544,720,0.121,0.035,0.589,0.300,31.826,4.006,0.817,37.989
0,1,21,20,3,21,544,720,0.123,0.036,0.593,0.300,63.646,7.711,0.818,73.527
0,1,21,50,3,21,544,720,0.123,0.036,0.591,0.300,159.281,18.846,0.818,180.290
0,1,41,1,3,41,544,720,0.122,0.036,1.330,0.297,6.599,1.061,2.050,11.792
0,1,41,2,3,41,544,720,0.122,0.035,1.328,0.299,13.171,1.823,2.049,19.121
0,1,41,4,3,41,544,720,0.122,0.036,1.329,0.299,26.347,3.343,2.050,33.822
0,1,41,5,3,41,544,720,0.123,0.036,1.330,0.299,32.936,4.107,2.047,41.182
0,1,41,10,3,41,544,720,0.122,0.036,1.329,0.300,65.971,7.927,2.051,78.031
0,1,41,20,3,41,544,720,0.122,0.036,1.330,0.300,131.792,15.533,2.050,151.457
0,1,41,50,3,41,544,720,0.127,0.041,1.330,0.299,329.512,38.432,2.050,372.099
0,1,61,1,3,61,544,720,0.122,0.036,2.077,0.298,10.822,1.545,3.282,18.484
0,1,61,2,3,61,544,720,0.121,0.035,2.077,0.299,21.633,2.788,3.284,30.532
0,1,61,4,3,61,544,720,0.123,0.036,2.075,0.299,43.261,5.279,3.283,54.651
0,1,61,5,3,61,544,720,0.123,0.036,2.074,0.299,54.086,6.526,3.284,66.725
0,1,61,10,3,61,544,720,0.134,0.043,2.082,0.298,108.198,12.761,3.283,127.098
0,1,61,20,3,61,544,720,0.123,0.036,2.074,0.299,216.425,25.400,3.283,247.936
0,1,61,50,3,61,544,720,0.132,0.042,2.077,0.299,541.074,62.663,3.281,609.868
0,1,81,1,3,81,544,720,0.122,0.036,2.826,0.299,17.793,2.111,4.516,27.999
0,1,81,2,3,81,544,720,0.121,0.035,2.824,0.300,31.637,3.923,4.515,43.648
0,1,81,4,3,81,544,720,0.121,0.035,2.939,0.300,63.291,7.550,4.518,79.048
0,1,81,5,3,81,544,720,0.122,0.036,2.826,0.298,79.115,9.363,4.517,96.586
0,1,81,10,3,81,544,720,0.122,0.036,2.822,0.300,158.179,18.427,4.515,184.696
0,1,81,20,3,81,544,720,0.122,0.036,2.823,0.300,316.383,36.559,4.517,361.036
0,1,81,50,3,81,544,720,0.122,0.036,2.951,0.299,790.708,90.916,4.517,889.842
1,1,5,1,3,5,544,720,0.123,0.036,0.108,0.171,1.004,0.288,0.027,1.989
1,1,5,2,3,5,544,720,0.121,0.035,0.106,0.170,2.009,0.403,0.029,3.101
1,1,5,4,3,5,544,720,0.123,0.036,0.118,0.171,4.017,0.640,0.027,5.361
1,1,5,5,3,5,544,720,0.122,0.036,0.108,0.169,5.022,0.756,0.026,6.472
1,1,5,10,3,5,544,720,0.122,0.035,0.106,0.170,10.044,1.345,0.027,12.091
1,1,5,20,3,5,544,720,0.122,0.035,0.107,0.170,20.086,2.522,0.027,23.299
1,1,5,50,3,5,544,720,0.122,0.036,0.117,0.170,50.231,6.049,0.027,56.982
1,1,9,1,3,9,544,720,0.122,0.036,0.131,0.297,1.485,0.472,0.084,2.919
1,1,9,2,3,9,544,720,0.121,0.035,0.142,0.298,2.973,0.645,0.085,4.601
1,1,9,4,3,9,544,720,0.122,0.038,0.131,0.298,5.943,0.994,0.086,7.903
1,1,9,5,3,9,544,720,0.131,0.040,0.131,0.297,7.433,1.163,0.085,9.572
1,1,9,10,3,9,544,720,0.139,0.041,0.131,0.297,14.865,2.037,0.085,17.890
1,1,9,20,3,9,544,720,0.128,0.040,0.131,0.296,29.748,3.776,0.085,34.498
1,1,9,50,3,9,544,720,0.123,0.036,0.131,0.297,74.345,8.990,0.085,84.455
1,1,21,1,3,21,544,720,0.123,0.036,0.579,0.300,3.186,0.670,0.817,6.006
1,1,21,2,3,21,544,720,0.125,0.036,0.579,0.300,6.366,1.039,0.817,9.555
1,1,21,4,3,21,544,720,0.122,0.035,0.580,0.300,12.733,1.780,0.819,16.664
1,1,21,5,3,21,544,720,0.129,0.042,0.579,0.298,15.914,2.151,0.818,20.229
1,1,21,10,3,21,544,720,0.131,0.038,0.579,0.300,31.870,4.011,0.819,38.044
1,1,21,20,3,21,544,720,0.123,0.037,0.578,0.299,63.652,7.710,0.819,73.694
1,1,21,50,3,21,544,720,0.124,0.038,0.580,0.300,159.180,18.842,0.821,180.222
1,1,41,1,3,41,544,720,0.125,0.037,1.329,0.299,6.602,1.064,2.052,11.859
1,1,41,2,3,41,544,720,0.126,0.036,1.329,0.299,13.194,1.823,2.051,19.154
1,1,41,4,3,41,544,720,0.124,0.036,1.328,0.299,26.365,3.351,2.052,33.851
1,1,41,5,3,41,544,720,0.122,0.036,1.329,0.299,33.000,4.117,2.050,41.248
1,1,41,10,3,41,544,720,0.123,0.036,1.330,0.298,66.012,7.935,2.051,78.198
1,1,41,20,3,41,544,720,0.123,0.037,1.328,0.299,132.000,15.567,2.050,151.700
1,1,41,50,3,41,544,720,0.124,0.037,1.333,0.300,329.896,38.459,2.050,372.559
1,1,61,1,3,61,544,720,0.124,0.038,2.079,0.300,10.814,1.544,3.283,18.476
1,1,61,2,3,61,544,720,0.122,0.036,2.078,0.299,21.641,2.813,3.282,30.567
1,1,61,4,3,61,544,720,0.122,0.036,2.167,0.299,43.274,5.281,3.285,54.760
1,1,61,5,3,61,544,720,0.130,0.038,2.166,0.299,54.090,6.528,3.285,66.833
1,1,61,10,3,61,544,720,0.181,0.078,2.273,0.293,108.328,12.885,3.283,127.822
1,1,61,20,3,61,544,720,0.126,0.036,2.079,0.298,216.570,25.660,3.285,248.353
1,1,61,50,3,61,544,720,0.133,0.041,2.081,0.298,541.300,62.612,3.282,610.051
1,1,81,1,3,81,544,720,0.124,0.036,2.830,0.299,15.823,2.111,4.516,26.037
1,1,81,2,3,81,544,720,0.123,0.036,2.830,0.299,31.650,3.929,4.520,43.683
1,1,81,4,3,81,544,720,0.139,0.044,2.924,0.297,63.311,7.552,4.518,79.103
1,1,81,5,3,81,544,720,0.124,0.036,2.829,0.298,79.110,9.363,4.519,96.655
1,1,81,10,3,81,544,720,0.133,0.041,2.824,0.299,158.210,18.430,4.517,185.262
1,1,81,20,3,81,544,720,0.126,0.036,2.829,0.298,316.374,36.569,4.516,361.423
1,1,81,50,3,81,544,720,0.124,0.036,3.085,0.300,790.756,90.960,4.518,890.480
2,1,5,1,3,5,544,720,0.132,0.038,0.121,0.167,1.002,0.284,0.026,2.017
2,1,5,2,3,5,544,720,0.122,0.034,0.105,0.171,2.005,0.404,0.026,3.099
2,1,5,4,3,5,544,720,0.125,0.045,0.111,0.167,4.009,0.635,0.025,5.352
2,1,5,5,3,5,544,720,0.122,0.036,0.107,0.171,5.009,0.756,0.026,6.467
2,1,5,10,3,5,544,720,0.123,0.034,0.105,0.171,10.023,1.343,0.026,12.055
2,1,5,20,3,5,544,720,0.123,0.035,0.331,0.170,20.091,2.521,0.029,23.638
2,1,5,50,3,5,544,720,0.124,0.036,0.202,0.160,50.218,6.040,0.027,57.164
2,1,9,1,3,9,544,720,0.126,0.036,0.265,0.292,1.488,0.465,0.086,3.413
2,1,9,2,3,9,544,720,0.125,0.036,0.132,0.298,2.970,0.645,0.085,4.589
2,1,9,4,3,9,544,720,0.121,0.037,0.137,0.297,5.946,0.989,0.085,7.916
2,1,9,5,3,9,544,720,0.122,0.034,0.147,0.298,7.433,1.163,0.085,9.582
2,1,9,10,3,9,544,720,0.127,0.034,0.241,0.297,14.862,2.031,0.084,18.046
2,1,9,20,3,9,544,720,0.121,0.034,0.147,0.297,29.720,3.774,0.085,34.483
2,1,9,50,3,9,544,720,0.123,0.036,0.277,0.293,74.318,8.985,0.085,84.560
2,1,21,1,3,21,544,720,0.122,0.036,1.055,0.300,3.187,0.670,0.818,6.776
2,1,21,2,3,21,544,720,0.123,0.034,0.673,0.301,6.361,1.041,0.817,9.769
2,1,21,4,3,21,544,720,0.123,0.034,0.591,0.299,12.724,1.779,0.821,16.667
2,1,21,5,3,21,544,720,0.126,0.036,0.591,0.299,15.903,2.152,0.817,20.218
2,1,21,10,3,21,544,720,0.121,0.034,0.590,0.300,31.981,4.004,0.818,38.141
2,1,21,20,3,21,544,720,0.123,0.035,0.830,0.300,63.738,7.710,0.818,74.396
2,1,21,50,3,21,544,720,0.136,0.046,0.592,0.300,159.058,18.828,0.818,180.087
2,1,41,1,3,41,544,720,0.124,0.036,1.348,0.299,6.588,1.062,2.048,11.799
2,1,41,2,3,41,544,720,0.121,0.034,1.347,0.300,13.169,1.820,2.048,19.133
2,1,41,4,3,41,544,720,0.122,0.034,1.358,0.299,26.410,3.361,2.060,33.939
2,1,41,5,3,41,544,720,0.137,0.038,1.354,0.299,32.922,4.105,2.049,41.607
2,1,41,10,3,41,544,720,0.123,0.035,1.369,0.299,65.950,7.931,2.049,78.062
2,1,41,20,3,41,544,720,0.122,0.035,1.356,0.299,131.880,15.552,2.049,151.589
2,1,41,50,3,41,544,720,0.124,0.037,1.731,0.297,329.218,38.405,2.053,372.183
2,1,61,1,3,61,544,720,0.136,0.048,2.110,0.299,10.817,1.545,3.281,18.534
2,1,61,2,3,61,544,720,0.122,0.034,2.095,0.300,21.624,2.786,3.281,30.539
2,1,61,4,3,61,544,720,0.122,0.034,2.532,0.298,43.278,5.279,3.282,55.123
2,1,61,5,3,61,544,720,0.124,0.036,2.113,0.299,54.055,6.524,3.280,66.726
2,1,61,10,3,61,544,720,0.123,0.034,2.193,0.299,108.102,12.760,3.277,127.282
2,1,61,20,3,61,544,720,0.123,0.034,2.077,0.300,216.309,25.578,3.282,247.997
2,1,61,50,3,61,544,720,0.125,0.034,2.078,0.300,540.472,62.661,3.279,609.245
2,1,81,1,3,81,544,720,0.125,0.034,2.965,0.299,15.816,2.110,4.514,26.379
2,1,81,2,3,81,544,720,0.123,0.034,2.830,0.299,31.621,3.925,4.515,43.655
2,1,81,4,3,81,544,720,0.131,0.037,2.959,0.299,63.230,7.548,4.514,79.293
2,1,81,5,3,81,544,720,0.148,0.039,2.897,0.299,79.065,9.363,4.512,96.687
2,1,81,10,3,81,544,720,0.122,0.034,2.828,0.299,158.074,18.426,4.513,184.715
2,1,81,20,3,81,544,720,0.122,0.034,2.838,0.298,315.896,36.523,4.511,360.521
2,1,81,50,3,81,544,720,0.122,0.034,2.827,0.298,790.197,90.887,4.515,889.182
#run_id,world_size,frame_num,sampling_steps,colors,frames,height,width,txt_enc,img_enc,vae_enc,sched_setup,dit,sched,vae_dec,total
w,2,5,1,3,5,544,720,3.222,4.686,2.437,0.001,23.214,0.305,1.703,35.704
0,2,5,1,3,5,544,720,0.169,0.036,0.042,0.169,0.756,0.182,0.029,1.508
0,2,5,2,3,5,544,720,0.159,0.037,0.042,0.168,2.023,0.867,0.269,3.629
0,2,5,4,3,5,544,720,0.160,0.037,0.043,0.168,3.269,2.126,0.026,5.958
0,2,5,5,3,5,544,720,0.160,0.337,0.043,0.169,3.735,0.239,0.027,4.838
0,2,5,10,3,5,544,720,0.160,0.035,0.043,0.170,7.485,0.308,0.027,8.359
0,2,5,20,3,5,544,720,0.160,0.036,0.042,0.171,14.977,1.083,0.027,16.624
0,2,5,50,3,5,544,720,0.158,0.035,0.042,0.171,37.617,0.871,0.027,39.053
0,2,9,1,3,9,544,720,0.159,0.038,0.077,0.297,1.856,0.317,0.407,3.025
0,2,9,2,3,9,544,720,0.160,0.039,0.077,0.297,2.081,0.337,0.084,3.269
0,2,9,4,3,9,544,720,0.161,0.036,0.071,0.298,4.148,0.380,0.085,5.373
0,2,9,5,3,9,544,720,0.159,0.036,0.071,0.298,5.193,0.404,0.084,6.438
0,2,9,10,3,9,544,720,0.159,0.036,0.072,0.299,10.370,0.511,0.084,11.724
0,2,9,20,3,9,544,720,0.158,0.035,0.072,0.298,20.748,0.723,1.412,23.213
0,2,9,50,3,9,544,720,0.158,0.036,0.071,0.299,52.003,1.358,0.085,54.203
0,2,21,1,3,21,544,720,0.168,0.040,0.534,0.300,1.979,0.344,0.823,4.390
0,2,21,2,3,21,544,720,0.160,0.036,0.534,0.300,3.953,0.389,0.822,6.393
0,2,21,4,3,21,544,720,0.164,0.061,0.533,0.300,7.889,0.480,0.821,10.445
0,2,21,5,3,21,544,720,0.158,0.037,0.535,0.301,9.845,0.527,0.822,12.421
0,2,21,10,3,21,544,720,0.159,0.035,0.536,0.300,19.706,0.755,0.822,22.512
0,2,21,20,3,21,544,720,0.159,0.035,0.535,0.301,39.856,1.157,0.825,43.064
0,2,21,50,3,21,544,720,0.162,0.037,0.539,0.300,99.457,2.515,0.824,104.039
0,2,41,1,3,41,544,720,0.160,0.041,1.335,0.298,3.950,0.392,2.063,8.440
0,2,41,2,3,41,544,720,0.166,0.041,1.360,0.299,7.899,0.487,2.061,12.513
0,2,41,4,3,41,544,720,0.167,0.041,1.333,0.298,15.791,0.674,2.121,20.564
0,2,41,5,3,41,544,720,0.163,0.041,1.332,0.299,19.722,0.778,2.060,24.596
0,2,41,10,3,41,544,720,0.159,0.037,1.307,0.299,39.490,1.264,2.060,44.815
0,2,41,20,3,41,544,720,0.159,0.036,1.308,0.301,79.352,2.171,2.061,85.586
0,2,41,50,3,41,544,720,0.171,0.042,1.306,0.298,197.875,5.052,2.066,207.029
0,2,61,1,3,61,544,720,0.227,0.050,2.133,0.297,6.342,0.451,3.300,13.008
0,2,61,2,3,61,544,720,0.193,0.076,2.108,0.288,12.874,0.596,3.300,19.655
0,2,61,4,3,61,544,720,0.272,0.077,2.240,0.299,25.149,0.923,3.299,32.470
0,2,61,5,3,61,544,720,0.173,0.036,2.075,0.299,31.515,1.073,3.299,38.672
0,2,61,10,3,61,544,720,0.162,0.042,2.109,0.300,62.969,1.841,3.302,70.926
0,2,61,20,3,61,544,720,0.162,0.040,2.111,0.299,126.204,3.418,3.308,135.745
0,2,61,50,3,61,544,720,0.196,0.039,2.119,0.298,315.229,8.072,3.302,329.463
0,2,81,1,3,81,544,720,0.172,0.054,2.899,0.298,9.143,0.521,4.539,17.830
0,2,81,2,3,81,544,720,0.177,0.042,2.950,0.299,18.255,0.752,4.543,27.220
0,2,81,4,3,81,544,720,0.236,0.038,2.937,0.300,36.497,1.210,4.574,45.963
0,2,81,5,3,81,544,720,0.159,0.046,2.925,0.300,45.668,1.442,4.549,55.285
0,2,81,10,3,81,544,720,0.199,0.038,2.873,0.299,91.291,2.590,4.541,102.032
0,2,81,20,3,81,544,720,0.159,0.036,2.852,0.300,182.902,4.849,4.539,195.836
0,2,81,50,3,81,544,720,0.182,0.038,2.876,0.298,456.968,11.742,4.553,476.868
1,2,5,1,3,5,544,720,0.409,0.128,0.092,0.162,0.989,0.174,0.040,2.124
1,2,5,2,3,5,544,720,0.314,0.046,0.066,0.162,2.131,0.177,0.032,3.069
1,2,5,4,3,5,544,720,0.243,0.038,0.052,0.167,3.860,0.226,0.029,4.774
1,2,5,5,3,5,544,720,0.231,0.054,0.057,0.160,4.143,0.232,0.031,5.052
1,2,5,10,3,5,544,720,0.176,0.040,0.050,0.169,8.196,0.291,0.054,9.086
1,2,5,20,3,5,544,720,0.159,0.035,0.042,0.171,17.474,0.516,0.031,18.557
1,2,5,50,3,5,544,720,0.291,0.046,0.048,0.171,38.821,0.830,0.031,40.371
1,2,9,1,3,9,544,720,0.237,0.048,0.072,0.299,1.048,0.317,0.086,2.300
1,2,9,2,3,9,544,720,0.181,0.040,0.078,0.298,2.092,0.337,0.085,3.306
1,2,9,4,3,9,544,720,0.164,0.041,0.073,0.299,4.185,0.377,0.085,5.422
1,2,9,5,3,9,544,720,0.165,0.040,0.076,0.297,5.415,0.396,0.086,6.670
1,2,9,10,3,9,544,720,0.166,0.040,0.078,0.296,10.508,0.495,0.085,11.868
1,2,9,20,3,9,544,720,0.158,0.036,0.071,0.299,21.223,0.690,0.085,22.755
1,2,9,50,3,9,544,720,0.160,0.036,0.072,0.298,52.506,1.293,0.085,54.647
1,2,21,1,3,21,544,720,0.160,0.040,0.548,0.301,1.989,0.343,0.822,4.402
1,2,21,2,3,21,544,720,0.161,0.041,0.543,0.301,3.969,0.389,0.823,6.422
1,2,21,4,3,21,544,720,0.160,0.041,0.551,0.300,7.943,0.471,0.822,10.486
1,2,21,5,3,21,544,720,0.161,0.039,0.545,0.301,9.906,0.523,0.821,12.494
1,2,21,10,3,21,544,720,0.159,0.036,0.535,0.301,19.721,0.755,0.822,22.525
1,2,21,20,3,21,544,720,0.158,0.035,0.532,0.301,39.427,1.211,0.822,42.683
1,2,21,50,3,21,544,720,0.159,0.036,0.534,0.301,98.622,2.576,0.822,103.246
1,2,41,1,3,41,544,720,0.166,0.042,1.302,0.300,3.953,0.396,2.062,8.430
1,2,41,2,3,41,544,720,0.161,0.037,1.307,0.296,8.010,0.487,2.061,12.564
1,2,41,4,3,41,544,720,0.172,0.048,1.311,0.298,15.783,0.680,2.063,20.569
1,2,41,5,3,41,544,720,0.161,0.038,1.306,0.300,19.759,0.784,2.063,24.613
1,2,41,10,3,41,544,720,0.169,0.043,1.303,0.300,39.479,1.264,2.061,44.832
1,2,41,20,3,41,544,720,0.160,0.036,1.308,0.300,78.991,2.231,2.061,85.284
1,2,41,50,3,41,544,720,0.158,0.036,1.305,0.300,197.635,5.133,2.064,206.832
1,2,61,1,3,61,544,720,0.159,0.036,2.088,0.301,6.293,0.456,3.301,12.831
1,2,61,2,3,61,544,720,0.159,0.036,2.074,0.301,12.578,0.611,3.301,19.255
1,2,61,4,3,61,544,720,0.179,0.099,2.093,0.300,25.160,0.925,3.298,32.249
1,2,61,5,3,61,544,720,0.159,0.036,2.075,0.300,31.457,1.070,3.299,38.594
1,2,61,10,3,61,544,720,0.171,0.036,2.095,0.300,62.994,1.857,3.300,70.955
1,2,61,20,3,61,544,720,0.160,0.036,2.075,0.300,125.909,3.411,3.300,135.390
1,2,61,50,3,61,544,720,0.159,0.036,2.087,0.300,314.838,8.129,3.305,329.055
1,2,81,1,3,81,544,720,0.162,0.036,2.869,0.300,9.135,0.526,4.540,17.768
1,2,81,2,3,81,544,720,0.161,0.038,2.917,0.299,18.241,0.755,4.536,27.147
1,2,81,4,3,81,544,720,0.159,0.036,2.863,0.299,36.496,1.217,4.536,45.806
1,2,81,5,3,81,544,720,0.160,0.036,2.857,0.300,45.646,1.450,4.545,55.192
1,2,81,10,3,81,544,720,0.158,0.036,2.856,0.300,91.297,2.600,4.546,101.993
1,2,81,20,3,81,544,720,0.158,0.036,2.847,0.299,182.652,4.879,4.544,195.616
1,2,81,50,3,81,544,720,0.158,0.036,2.851,0.300,456.755,11.768,4.541,476.608
2,2,5,1,3,5,544,720,0.159,0.036,0.043,0.171,0.752,0.184,0.027,1.502
2,2,5,2,3,5,544,720,0.158,0.035,0.041,0.172,1.503,0.198,0.026,2.262
2,2,5,4,3,5,544,720,0.158,0.035,0.040,0.171,3.004,0.226,0.027,3.789
2,2,5,5,3,5,544,720,0.158,0.035,0.040,0.171,3.761,0.240,0.028,4.562
2,2,5,10,3,5,544,720,0.159,0.037,0.044,0.169,7.515,0.307,0.028,8.393
2,2,5,20,3,5,544,720,0.159,0.036,0.043,0.171,15.044,0.449,0.028,16.058
2,2,5,50,3,5,544,720,0.176,0.036,0.043,0.170,37.745,0.867,0.028,39.198
2,2,9,1,3,9,544,720,0.158,0.036,0.071,0.298,1.040,0.318,0.084,2.200
2,2,9,2,3,9,544,720,0.159,0.035,0.070,0.298,2.078,0.338,0.094,3.258
2,2,9,4,3,9,544,720,0.171,0.036,0.071,0.298,4.150,0.382,0.085,5.387
2,2,9,5,3,9,544,720,0.158,0.036,0.072,0.298,5.186,0.403,0.085,6.430
2,2,9,10,3,9,544,720,0.158,0.036,0.071,0.298,10.379,0.509,0.085,11.729
2,2,9,20,3,9,544,720,0.158,0.036,0.071,0.298,20.752,0.722,0.084,22.316
2,2,9,50,3,9,544,720,0.159,0.036,0.071,0.298,52.188,1.331,0.085,54.365
2,2,21,1,3,21,544,720,0.160,0.041,0.535,0.300,1.981,0.344,0.822,4.383
2,2,21,2,3,21,544,720,0.158,0.035,0.531,0.302,3.961,0.390,0.824,6.396
2,2,21,4,3,21,544,720,0.181,0.038,0.545,0.301,8.020,0.477,0.821,10.579
2,2,21,5,3,21,544,720,0.161,0.038,0.539,0.300,9.918,0.522,0.821,12.499
2,2,21,10,3,21,544,720,0.160,0.037,0.538,0.300,19.928,0.741,0.821,22.724
2,2,21,20,3,21,544,720,0.166,0.036,0.533,0.302,39.484,1.207,0.821,42.746
2,2,21,50,3,21,544,720,0.158,0.036,0.534,0.300,98.752,2.562,0.822,103.363
2,2,41,1,3,41,544,720,0.158,0.036,1.313,0.300,3.949,0.396,2.059,8.408
2,2,41,2,3,41,544,720,0.158,0.035,1.308,0.301,7.899,0.492,2.058,12.447
2,2,41,4,3,41,544,720,0.157,0.035,1.314,0.300,15.791,0.686,2.061,20.540
2,2,41,5,3,41,544,720,0.171,0.046,1.306,0.300,19.736,0.780,2.064,24.611
2,2,41,10,3,41,544,720,0.164,0.038,1.307,0.299,39.466,1.266,2.059,44.798
2,2,41,20,3,41,544,720,0.159,0.036,1.305,0.300,78.982,2.230,2.059,85.270
2,2,41,50,3,41,544,720,0.159,0.036,1.305,0.300,197.474,5.118,2.059,206.651
2,2,61,1,3,61,544,720,0.158,0.036,2.072,0.300,6.297,0.456,3.296,12.813
2,2,61,2,3,61,544,720,0.158,0.035,2.076,0.299,12.563,0.609,3.296,19.235
2,2,61,4,3,61,544,720,0.159,0.036,2.072,0.299,25.155,0.925,3.297,32.142
2,2,61,5,3,61,544,720,0.161,0.036,2.078,0.300,31.429,1.082,3.296,38.581
2,2,61,10,3,61,544,720,0.159,0.036,2.073,0.300,62.916,1.863,3.297,70.843
2,2,61,20,3,61,544,720,0.159,0.036,2.073,0.299,125.921,3.434,3.297,135.420
2,2,61,50,3,61,544,720,0.160,0.036,2.073,0.301,314.800,8.062,3.299,328.930
2,2,81,1,3,81,544,720,0.313,0.043,3.051,0.299,9.138,0.525,4.535,18.108
2,2,81,2,3,81,544,720,0.372,0.043,3.072,0.299,18.241,0.751,4.531,27.511
2,2,81,4,3,81,544,720,0.170,0.040,2.892,0.299,36.525,1.206,4.539,45.880
2,2,81,5,3,81,544,720,0.159,0.036,2.908,0.283,45.654,1.392,4.539,55.186
2,2,81,10,3,81,544,720,0.160,0.041,2.877,0.299,91.235,2.589,4.549,101.940
2,2,81,20,3,81,544,720,0.169,0.037,2.920,0.299,182.631,4.826,4.537,195.622
2,2,81,50,3,81,544,720,0.160,0.038,2.847,0.300,456.872,11.715,4.542,476.676
#run_id,world_size,frame_num,sampling_steps,colors,frames,height,width,txt_enc,img_enc,vae_enc,sched_setup,dit,sched,vae_dec,total
w,4,5,1,3,5,544,720,2.477,0.589,1.785,0.001,49.169,0.208,1.464,55.757
0,4,5,1,3,5,544,720,0.277,0.040,0.045,0.168,0.830,0.174,0.030,1.697
0,4,5,2,3,5,544,720,0.205,0.041,0.045,0.167,2.008,0.295,0.550,3.368
0,4,5,4,3,5,544,720,0.216,0.040,0.049,0.164,4.557,1.990,0.028,7.388
0,4,5,5,3,5,544,720,0.204,0.039,0.047,0.168,3.679,0.229,0.037,4.526
0,4,5,10,3,5,544,720,0.190,0.039,0.047,0.168,7.903,0.256,0.029,8.762
0,4,5,20,3,5,544,720,0.176,0.038,0.046,0.167,13.234,0.773,0.030,14.596
0,4,5,50,3,5,544,720,0.263,0.042,0.048,0.168,34.549,0.765,0.029,35.998
0,4,9,1,3,9,544,720,0.264,0.040,0.073,0.296,0.714,0.304,0.131,1.967
0,4,9,2,3,9,544,720,0.248,0.053,0.071,0.297,1.392,0.315,0.085,2.652
0,4,9,4,3,9,544,720,0.191,0.040,0.092,0.279,2.792,0.316,0.085,4.006
0,4,9,5,3,9,544,720,0.173,0.040,0.076,0.296,3.841,0.353,0.088,5.060
0,4,9,10,3,9,544,720,0.196,0.040,0.075,0.296,7.126,0.397,0.084,8.408
0,4,9,20,3,9,544,720,0.171,0.039,0.074,0.297,14.745,0.508,0.093,16.129
0,4,9,50,3,9,544,720,0.171,0.039,0.072,0.297,36.745,0.845,0.102,38.465
0,4,21,1,3,21,544,720,0.172,0.039,0.544,0.298,1.393,0.319,1.004,3.832
0,4,21,2,3,21,544,720,0.243,0.036,0.537,0.300,2.355,0.356,0.822,4.846
0,4,21,4,3,21,544,720,0.171,0.040,0.537,0.300,4.671,0.387,0.821,7.124
0,4,21,5,3,21,544,720,0.171,0.041,0.557,0.299,5.817,0.406,0.820,8.309
0,4,21,10,3,21,544,720,0.170,0.039,0.538,0.300,11.598,0.523,0.821,14.187
0,4,21,20,3,21,544,720,0.170,0.037,0.541,0.300,23.058,0.772,0.821,25.895
0,4,21,50,3,21,544,720,0.168,0.037,0.532,0.300,57.602,1.496,0.822,61.155
0,4,41,1,3,41,544,720,0.168,0.036,1.313,0.299,2.178,0.349,2.060,6.599
0,4,41,2,3,41,544,720,0.169,0.036,1.302,0.299,4.355,0.395,2.059,8.813
0,4,41,4,3,41,544,720,0.183,0.038,1.330,0.299,8.714,0.492,2.063,13.317
0,4,41,5,3,41,544,720,0.169,0.053,1.374,0.298,10.998,0.538,2.418,15.828
0,4,41,10,3,41,544,720,0.385,0.040,1.329,0.298,21.972,0.767,2.061,27.061
0,4,41,20,3,41,544,720,0.190,0.044,1.303,0.299,43.705,1.273,2.069,49.081
0,4,41,50,3,41,544,720,0.184,0.041,1.325,0.299,109.971,2.725,2.061,116.810
0,4,61,1,3,61,544,720,0.169,0.037,2.075,0.293,3.376,0.372,3.302,9.836
0,4,61,2,3,61,544,720,0.187,0.047,2.075,0.298,6.598,0.455,3.296,13.162
0,4,61,4,3,61,544,720,0.173,0.042,2.072,0.300,13.186,0.615,3.298,19.887
0,4,61,5,3,61,544,720,0.192,0.041,2.081,0.299,16.459,0.692,3.297,23.263
0,4,61,10,3,61,544,720,0.168,0.036,2.089,0.301,33.028,1.087,3.298,40.203
0,4,61,20,3,61,544,720,0.196,0.042,2.181,0.280,67.314,1.796,3.307,75.337
0,4,61,50,3,61,544,720,0.203,0.049,2.139,0.301,166.665,4.199,3.301,177.058
0,4,81,1,3,81,544,720,0.169,0.036,2.849,0.300,4.758,0.416,4.540,13.264
0,4,81,2,3,81,544,720,0.169,0.038,2.850,0.299,9.492,0.530,4.534,18.110
0,4,81,4,3,81,544,720,0.169,0.036,2.844,0.300,18.976,0.764,4.538,27.825
0,4,81,5,3,81,544,720,0.168,0.036,2.843,0.299,23.735,0.878,4.536,32.694
0,4,81,10,3,81,544,720,0.169,0.037,2.859,0.300,47.544,1.465,4.534,57.108
0,4,81,20,3,81,544,720,0.168,0.037,2.846,0.299,95.117,2.629,4.542,105.838
0,4,81,50,3,81,544,720,0.169,0.037,2.847,0.300,238.033,6.141,4.540,252.266
1,4,5,1,3,5,544,720,0.168,0.036,0.057,0.171,0.522,0.177,0.027,1.287
1,4,5,2,3,5,544,720,0.168,0.036,0.041,0.171,1.040,0.184,0.027,1.795
1,4,5,4,3,5,544,720,0.375,0.035,0.041,0.171,2.088,0.198,0.027,3.187
1,4,5,5,3,5,544,720,0.168,0.036,0.040,0.171,2.591,0.204,0.027,3.363
1,4,5,10,3,5,544,720,0.168,0.035,0.041,0.170,5.174,0.238,0.029,5.984
1,4,5,20,3,5,544,720,0.169,0.036,0.041,0.171,10.345,0.308,0.027,11.226
1,4,5,50,3,5,544,720,0.169,0.036,0.041,0.171,25.873,0.516,0.028,26.962
1,4,9,1,3,9,544,720,0.229,0.037,0.070,0.298,0.680,0.309,0.084,1.900
1,4,9,2,3,9,544,720,0.167,0.038,0.073,0.298,1.383,0.318,0.084,2.552
1,4,9,4,3,9,544,720,0.168,0.041,0.074,0.298,2.783,0.336,0.085,3.976
1,4,9,5,3,9,544,720,0.168,0.039,0.073,0.299,3.421,0.351,0.084,4.625
1,4,9,10,3,9,544,720,0.168,0.038,0.071,0.299,6.755,0.405,0.084,8.016
1,4,9,20,3,9,544,720,0.169,0.038,0.071,0.298,13.497,0.515,0.084,14.868
1,4,9,50,3,9,544,720,0.169,0.038,0.070,0.299,33.714,0.837,0.085,35.404
1,4,21,1,3,21,544,720,0.169,0.040,0.543,0.300,1.163,0.321,0.823,3.558
1,4,21,2,3,21,544,720,0.192,0.041,0.552,0.301,2.358,0.321,0.823,4.784
1,4,21,4,3,21,544,720,0.196,0.039,0.544,0.300,4.747,0.398,0.822,7.249
1,4,21,5,3,21,544,720,0.201,0.046,0.539,0.300,5.830,0.405,0.821,8.344
1,4,21,10,3,21,544,720,0.213,0.039,0.532,0.300,11.763,0.521,0.822,14.389
1,4,21,20,3,21,544,720,0.169,0.040,0.542,0.300,23.205,0.757,0.822,26.032
1,4,21,50,3,21,544,720,0.170,0.038,0.539,0.300,57.629,1.492,0.822,61.190
1,4,41,1,3,41,544,720,0.168,0.036,1.312,0.300,2.183,0.350,2.059,6.605
1,4,41,2,3,41,544,720,0.167,0.036,1.304,0.300,4.358,0.398,2.059,8.819
1,4,41,4,3,41,544,720,0.170,0.039,1.315,0.301,8.697,0.491,2.059,13.270
1,4,41,5,3,41,544,720,0.178,0.041,1.350,0.300,10.904,0.540,2.059,15.570
1,4,41,10,3,41,544,720,0.182,0.041,1.350,0.299,21.840,0.784,2.061,26.765
1,4,41,20,3,41,544,720,0.176,0.037,1.301,0.299,43.723,1.293,2.060,49.091
1,4,41,50,3,41,544,720,0.169,0.036,1.303,0.300,109.303,2.753,2.062,116.124
1,4,61,1,3,61,544,720,0.172,0.038,2.072,0.301,3.321,0.376,3.304,9.780
1,4,61,2,3,61,544,720,0.173,0.037,2.071,0.299,6.622,0.453,3.297,13.151
1,4,61,4,3,61,544,720,0.169,0.038,2.083,0.300,13.252,0.612,3.296,19.948
1,4,61,5,3,61,544,720,0.169,0.036,2.074,0.300,16.507,0.687,3.297,23.266
1,4,61,10,3,61,544,720,0.169,0.036,2.070,0.300,32.971,1.091,3.299,40.132
1,4,61,20,3,61,544,720,0.171,0.040,2.093,0.299,66.460,1.857,3.303,74.427
1,4,61,50,3,61,544,720,0.232,0.038,2.084,0.299,165.256,4.263,3.304,175.676
1,4,81,1,3,81,544,720,0.170,0.044,2.868,0.300,5.062,0.416,4.536,13.594
1,4,81,2,3,81,544,720,0.174,0.041,2.844,0.300,9.473,0.531,4.533,18.093
1,4,81,4,3,81,544,720,0.167,0.036,2.839,0.299,18.979,0.764,4.540,27.823
1,4,81,5,3,81,544,720,0.169,0.038,2.843,0.300,23.732,0.882,4.535,32.697
1,4,81,10,3,81,544,720,0.169,0.037,2.839,0.299,47.539,1.462,4.539,57.084
1,4,81,20,3,81,544,720,0.234,0.043,2.889,0.297,95.381,2.607,4.539,106.194
1,4,81,50,3,81,544,720,0.168,0.036,2.845,0.300,238.151,6.122,4.543,252.365
2,4,5,1,3,5,544,720,0.168,0.037,0.041,0.170,0.541,0.176,0.027,1.291
2,4,5,2,3,5,544,720,0.167,0.036,0.042,0.170,1.038,0.182,0.027,1.792
2,4,5,4,3,5,544,720,0.168,0.035,0.044,0.170,2.078,0.197,0.027,2.849
2,4,5,5,3,5,544,720,0.168,0.035,0.041,0.171,2.591,0.205,0.027,3.367
2,4,5,10,3,5,544,720,0.168,0.036,0.040,0.171,5.176,0.239,0.027,5.984
2,4,5,20,3,5,544,720,0.168,0.036,0.043,0.171,10.363,0.308,0.028,11.245
2,4,5,50,3,5,544,720,0.168,0.037,0.041,0.171,25.968,0.517,0.028,27.060
2,4,9,1,3,9,544,720,0.168,0.036,0.070,0.298,0.677,0.308,0.084,1.834
2,4,9,2,3,9,544,720,0.168,0.036,0.067,0.298,1.350,0.318,0.084,2.512
2,4,9,4,3,9,544,720,0.167,0.035,0.069,0.299,2.694,0.341,0.084,3.879
2,4,9,5,3,9,544,720,0.167,0.035,0.070,0.299,3.398,0.352,0.084,4.595
2,4,9,10,3,9,544,720,0.167,0.036,0.069,0.298,7.057,0.407,0.084,8.307
2,4,9,20,3,9,544,720,0.169,0.036,0.068,0.298,13.450,0.513,0.084,14.810
2,4,9,50,3,9,544,720,0.168,0.036,0.069,0.299,33.627,0.839,0.084,35.314
2,4,21,1,3,21,544,720,0.168,0.036,0.533,0.301,1.150,0.324,0.822,3.530
2,4,21,2,3,21,544,720,0.167,0.036,0.531,0.300,2.298,0.347,0.821,4.695
2,4,21,4,3,21,544,720,0.167,0.035,0.529,0.301,4.598,0.395,0.821,7.068
2,4,21,5,3,21,544,720,0.167,0.036,0.532,0.299,5.739,0.416,0.821,8.207
2,4,21,10,3,21,544,720,0.169,0.037,0.531,0.301,11.479,0.539,0.821,14.071
2,4,21,20,3,21,544,720,0.169,0.038,0.536,0.301,23.404,0.757,0.821,26.224
2,4,21,50,3,21,544,720,0.181,0.041,0.539,0.301,58.073,1.484,0.823,61.639
2,4,41,1,3,41,544,720,0.169,0.037,1.310,0.300,2.202,0.350,2.059,6.689
2,4,41,2,3,41,544,720,0.172,0.038,1.315,0.300,4.374,0.397,2.060,8.852
2,4,41,4,3,41,544,720,0.169,0.036,1.300,0.301,8.748,0.501,2.059,13.308
2,4,41,5,3,41,544,720,0.168,0.036,1.303,0.300,10.909,0.550,2.059,15.522
2,4,41,10,3,41,544,720,0.168,0.037,1.304,0.300,21.795,0.802,2.059,26.662
2,4,41,20,3,41,544,720,0.183,0.036,1.303,0.301,43.661,1.308,2.059,49.047
2,4,41,50,3,41,544,720,0.169,0.037,1.305,0.300,109.037,2.793,2.063,115.902
2,4,61,1,3,61,544,720,0.183,0.043,2.111,0.300,3.342,0.377,3.302,9.866
2,4,61,2,3,61,544,720,0.200,0.040,2.094,0.299,6.622,0.454,3.303,13.210
2,4,61,4,3,61,544,720,0.229,0.045,2.121,0.299,13.264,0.599,3.295,20.054
2,4,61,5,3,61,544,720,0.200,0.043,2.074,0.297,16.543,0.687,3.296,23.347
2,4,61,10,3,61,544,720,0.178,0.041,2.076,0.299,33.040,1.093,3.297,40.222
2,4,61,20,3,61,544,720,0.173,0.042,2.073,0.300,66.095,1.895,3.299,74.083
2,4,61,50,3,61,544,720,0.186,0.037,2.074,0.299,165.052,4.270,3.301,175.419
2,4,81,1,3,81,544,720,0.170,0.038,2.854,0.302,4.796,0.416,4.539,13.311
2,4,81,2,3,81,544,720,0.170,0.037,2.842,0.300,9.499,0.530,4.533,18.109
2,4,81,4,3,81,544,720,0.168,0.036,2.840,0.299,18.970,0.764,4.535,27.810
2,4,81,5,3,81,544,720,0.174,0.041,2.874,0.299,23.730,0.878,4.534,32.730
2,4,81,10,3,81,544,720,0.169,0.036,2.845,0.300,47.545,1.461,4.544,57.097
2,4,81,20,3,81,544,720,0.168,0.036,2.847,0.300,95.137,2.623,4.542,105.851
2,4,81,50,3,81,544,720,0.186,0.038,2.849,0.300,237.990,6.138,4.541,252.243
#run_id,world_size,frame_num,sampling_steps,colors,frames,height,width,txt_enc,img_enc,vae_enc,sched_setup,dit,sched,vae_dec,total
w,1,5,1,3,5,544,720,3.216,3.135,1.876,0.001,1.603,0.497,0.407,11.199
0,1,5,1,3,5,544,720,0.139,0.039,0.275,0.170,1.000,0.285,0.030,2.363
0,1,5,2,3,5,544,720,0.123,0.038,0.170,0.158,2.001,0.853,0.631,4.325
0,1,5,4,3,5,544,720,0.138,0.047,0.160,0.169,3.993,2.044,0.030,6.948
0,1,5,5,3,5,544,720,0.146,0.046,0.234,0.169,4.999,0.752,0.030,7.035
0,1,5,10,3,5,544,720,0.132,0.036,0.199,0.170,10.020,1.345,0.029,12.272
0,1,5,20,3,5,544,720,0.149,0.038,0.260,0.170,20.093,3.016,0.031,24.471
0,1,5,50,3,5,544,720,0.139,0.036,0.203,0.168,50.250,6.052,0.027,57.211
0,1,9,1,3,9,544,720,0.123,0.037,0.149,0.295,1.488,0.467,0.085,2.941
0,1,9,2,3,9,544,720,0.122,0.037,0.133,0.296,2.974,0.642,0.088,4.586
0,1,9,4,3,9,544,720,0.137,0.046,0.198,0.296,5.939,0.991,0.441,8.023
0,1,9,5,3,9,544,720,0.122,0.036,0.136,0.296,7.435,1.166,0.087,10.026
0,1,9,10,3,9,544,720,0.134,0.044,0.134,0.296,14.844,2.025,0.085,17.954
0,1,9,20,3,9,544,720,0.131,0.039,0.136,0.295,29.802,3.763,0.090,34.553
0,1,9,50,3,9,544,720,0.308,0.050,0.327,0.233,74.383,8.888,0.087,84.901
0,1,21,1,3,21,544,720,0.152,0.044,0.710,0.297,3.184,0.667,0.818,6.340
0,1,21,2,3,21,544,720,0.122,0.041,0.693,0.300,6.372,1.039,0.818,9.722
0,1,21,4,3,21,544,720,0.134,0.043,0.675,0.297,12.746,1.783,0.820,17.128
0,1,21,5,3,21,544,720,0.129,0.044,0.656,0.299,15.909,2.150,0.817,20.421
0,1,21,10,3,21,544,720,0.125,0.042,0.683,0.298,31.825,4.000,0.818,38.202
0,1,21,20,3,21,544,720,0.123,0.041,0.641,0.299,63.612,7.710,0.818,73.640
0,1,21,50,3,21,544,720,0.137,0.037,0.605,0.299,159.193,18.838,0.818,180.279
0,1,41,1,3,41,544,720,0.141,0.043,1.390,0.296,6.585,1.057,2.048,11.911
0,1,41,2,3,41,544,720,0.133,0.042,1.380,0.299,13.159,1.819,2.049,19.257
0,1,41,4,3,41,544,720,0.166,0.053,1.371,0.296,26.324,3.338,2.048,33.935
0,1,41,5,3,41,544,720,0.134,0.043,1.331,0.298,32.894,4.104,2.047,41.261
0,1,41,10,3,41,544,720,0.128,0.041,1.393,0.299,65.973,7.938,2.068,78.169
0,1,41,20,3,41,544,720,0.146,0.041,1.429,0.298,131.683,15.543,2.048,151.643
0,1,41,50,3,41,544,720,0.125,0.039,1.348,0.299,329.199,38.413,2.048,371.795
0,1,61,1,3,61,544,720,0.123,0.036,2.124,0.298,10.804,1.542,3.280,18.853
0,1,61,2,3,61,544,720,0.124,0.037,2.192,0.298,21.611,2.784,3.278,30.635
0,1,61,4,3,61,544,720,0.124,0.037,2.127,0.299,43.247,5.447,3.278,54.955
0,1,61,5,3,61,544,720,0.198,0.064,2.202,0.298,54.095,6.519,3.281,66.975
0,1,61,10,3,61,544,720,0.137,0.037,2.166,0.297,108.078,12.987,3.280,127.284
0,1,61,20,3,61,544,720,0.123,0.036,2.078,0.299,216.277,25.255,3.280,247.799
0,1,61,50,3,61,544,720,0.127,0.042,2.140,0.299,540.655,63.019,3.279,609.941
0,1,81,1,3,81,544,720,0.123,0.036,2.825,0.298,16.860,2.105,4.508,27.053
0,1,81,2,3,81,544,720,0.123,0.036,2.837,0.299,31.599,3.921,4.512,43.623
0,1,81,4,3,81,544,720,0.122,0.035,2.826,0.299,63.138,7.536,4.511,78.761
0,1,81,5,3,81,544,720,0.123,0.036,2.837,0.299,79.012,9.354,4.512,96.471
0,1,81,10,3,81,544,720,0.124,0.037,2.857,0.299,157.836,18.388,4.510,184.550
0,1,81,20,3,81,544,720,0.123,0.036,2.829,0.299,315.861,36.507,4.511,360.730
0,1,81,50,3,81,544,720,0.123,0.036,2.827,0.299,789.184,90.783,4.508,888.098
1,1,5,1,3,5,544,720,0.123,0.039,0.108,0.170,1.003,0.286,0.027,1.987
1,1,5,2,3,5,544,720,0.121,0.035,0.118,0.170,2.005,0.404,0.027,3.110
1,1,5,4,3,5,544,720,0.122,0.035,0.107,0.170,4.004,0.639,0.027,5.345
1,1,5,5,3,5,544,720,0.122,0.035,0.114,0.169,5.010,0.755,0.027,6.463
1,1,5,10,3,5,544,720,0.122,0.035,0.118,0.170,10.024,1.344,0.027,12.081
1,1,5,20,3,5,544,720,0.123,0.036,0.118,0.169,20.062,2.517,0.027,23.444
1,1,5,50,3,5,544,720,0.122,0.035,0.107,0.170,50.157,6.042,0.028,56.891
1,1,9,1,3,9,544,720,0.122,0.036,0.144,0.297,1.486,0.470,0.084,2.943
1,1,9,2,3,9,544,720,0.122,0.036,0.132,0.296,2.974,0.640,0.085,4.577
1,1,9,4,3,9,544,720,0.123,0.036,0.131,0.297,5.939,0.990,0.084,7.893
1,1,9,5,3,9,544,720,0.122,0.036,0.136,0.297,7.421,1.163,0.084,9.550
1,1,9,10,3,9,544,720,0.123,0.036,0.131,0.296,14.836,2.024,0.085,17.823
1,1,9,20,3,9,544,720,0.123,0.036,0.144,0.296,29.702,3.762,0.085,34.669
1,1,9,50,3,9,544,720,0.123,0.036,0.140,0.297,74.289,8.981,0.085,84.244
1,1,21,1,3,21,544,720,0.123,0.036,0.581,0.300,3.181,0.670,0.818,6.002
1,1,21,2,3,21,544,720,0.122,0.035,0.579,0.300,6.360,1.040,0.817,9.557
1,1,21,4,3,21,544,720,0.123,0.036,0.580,0.300,12.718,1.781,0.817,16.647
1,1,21,5,3,21,544,720,0.123,0.036,0.579,0.300,15.901,2.149,0.817,20.198
1,1,21,10,3,21,544,720,0.122,0.036,0.621,0.300,31.802,3.997,0.817,37.999
1,1,21,20,3,21,544,720,0.122,0.036,0.590,0.300,63.658,7.714,0.818,73.535
1,1,21,50,3,21,544,720,0.123,0.036,0.583,0.299,159.156,18.835,0.818,180.146
1,1,41,1,3,41,544,720,0.122,0.036,1.332,0.299,6.586,1.061,2.049,11.793
1,1,41,2,3,41,544,720,0.129,0.036,1.332,0.299,13.166,1.820,2.046,19.122
1,1,41,4,3,41,544,720,0.122,0.035,1.342,0.300,26.320,3.340,2.047,33.812
1,1,41,5,3,41,544,720,0.121,0.035,1.331,0.299,32.927,4.105,2.049,41.163
1,1,41,10,3,41,544,720,0.472,0.036,1.342,0.299,65.926,7.923,2.049,78.343
1,1,41,20,3,41,544,720,0.124,0.036,1.329,0.300,131.636,15.529,2.048,151.297
1,1,41,50,3,41,544,720,0.123,0.037,1.331,0.300,329.146,38.364,2.048,371.644
1,1,61,1,3,61,544,720,0.123,0.036,2.078,0.299,10.806,1.543,3.280,18.664
1,1,61,2,3,61,544,720,0.123,0.036,2.086,0.299,21.737,2.787,3.281,30.645
1,1,61,4,3,61,544,720,0.123,0.036,2.087,0.299,43.227,5.274,3.280,54.623
1,1,61,5,3,61,544,720,0.122,0.035,2.088,0.300,54.013,6.688,3.281,66.821
1,1,61,10,3,61,544,720,0.122,0.035,2.079,0.300,108.126,12.747,3.283,126.989
1,1,61,20,3,61,544,720,0.123,0.036,2.078,0.300,216.230,25.361,3.280,247.718
1,1,61,50,3,61,544,720,0.123,0.036,2.076,0.299,540.759,62.604,3.282,609.476
1,1,81,1,3,81,544,720,0.123,0.036,2.823,0.300,15.817,2.110,4.513,26.138
1,1,81,2,3,81,544,720,0.122,0.035,2.824,0.299,31.621,3.925,4.514,43.636
1,1,81,4,3,81,544,720,0.122,0.035,2.825,0.299,63.246,7.549,4.515,78.887
1,1,81,5,3,81,544,720,0.123,0.036,2.822,0.300,79.010,9.352,4.511,96.451
1,1,81,10,3,81,544,720,0.123,0.036,2.824,0.299,157.956,18.402,4.513,184.450
1,1,81,20,3,81,544,720,0.123,0.036,2.823,0.299,316.107,36.541,4.513,360.739
1,1,81,50,3,81,544,720,0.123,0.037,2.825,0.300,790.214,90.894,4.513,889.204
2,1,5,1,3,5,544,720,0.123,0.036,0.107,0.169,1.003,0.287,0.027,1.983
2,1,5,2,3,5,544,720,0.122,0.035,0.107,0.170,2.006,0.404,0.027,3.099
2,1,5,4,3,5,544,720,0.123,0.035,0.106,0.170,4.012,0.638,0.027,5.342
2,1,5,5,3,5,544,720,0.122,0.035,0.107,0.170,5.019,0.757,0.027,6.468
2,1,5,10,3,5,544,720,0.122,0.036,0.107,0.170,10.036,1.343,0.027,12.070
2,1,5,20,3,5,544,720,0.122,0.035,0.117,0.170,20.074,2.520,0.028,23.295
2,1,5,50,3,5,544,720,0.123,0.036,0.111,0.169,50.198,6.043,0.028,56.941
2,1,9,1,3,9,544,720,0.123,0.037,0.133,0.297,1.488,0.469,0.084,2.923
2,1,9,2,3,9,544,720,0.122,0.036,0.144,0.298,2.969,0.644,0.085,4.599
2,1,9,4,3,9,544,720,0.134,0.037,0.344,0.297,5.945,0.989,0.085,8.132
2,1,9,5,3,9,544,720,0.122,0.035,0.131,0.297,7.429,1.165,0.085,9.556
2,1,9,10,3,9,544,720,0.123,0.036,0.144,0.296,14.860,2.032,0.085,17.882
2,1,9,20,3,9,544,720,0.123,0.036,0.132,0.297,29.721,3.771,0.085,34.489
2,1,9,50,3,9,544,720,0.123,0.037,0.130,0.297,74.325,8.989,0.085,84.280
2,1,21,1,3,21,544,720,0.134,0.037,0.582,0.300,3.182,0.670,0.817,6.017
2,1,21,2,3,21,544,720,0.128,0.036,0.581,0.300,6.370,1.040,0.817,9.576
2,1,21,4,3,21,544,720,0.122,0.036,0.591,0.300,12.735,1.780,0.817,16.685
2,1,21,5,3,21,544,720,0.123,0.036,1.077,0.299,15.906,2.148,0.816,20.755
2,1,21,10,3,21,544,720,0.127,0.036,0.581,0.300,31.807,4.004,0.818,37.966
2,1,21,20,3,21,544,720,0.122,0.036,0.580,0.300,63.696,7.719,0.819,73.578
2,1,21,50,3,21,544,720,0.124,0.036,0.580,0.301,159.243,18.837,0.817,180.238
2,1,41,1,3,41,544,720,0.121,0.035,1.332,0.299,6.602,1.061,2.049,11.796
2,1,41,2,3,41,544,720,0.126,0.036,1.330,0.299,13.173,1.822,2.049,19.129
2,1,41,4,3,41,544,720,0.121,0.035,1.342,0.299,26.345,3.341,2.048,33.827
2,1,41,5,3,41,544,720,0.123,0.036,1.329,0.299,32.934,4.110,2.048,41.177
2,1,41,10,3,41,544,720,0.123,0.036,1.332,0.299,65.857,7.915,2.048,78.168
2,1,41,20,3,41,544,720,0.122,0.035,1.330,0.301,131.699,15.534,2.049,151.373
2,1,41,50,3,41,544,720,0.123,0.036,1.328,0.299,329.831,38.458,2.050,372.422
2,1,61,1,3,61,544,720,0.123,0.036,2.077,0.299,10.817,1.545,3.281,18.472
2,1,61,2,3,61,544,720,0.123,0.036,2.078,0.299,21.782,2.787,3.280,30.681
2,1,61,4,3,61,544,720,0.123,0.036,2.077,0.300,43.228,5.274,3.279,54.613
2,1,61,5,3,61,544,720,0.123,0.036,2.090,0.299,54.040,6.587,3.281,66.753
2,1,61,10,3,61,544,720,0.127,0.035,2.081,0.299,108.131,12.788,3.283,127.040
2,1,61,20,3,61,544,720,0.123,0.036,2.078,0.300,216.299,25.483,3.282,247.908
2,1,61,50,3,61,544,720,0.123,0.037,2.377,0.298,540.813,62.654,3.279,610.191
2,1,81,1,3,81,544,720,0.123,0.036,2.823,0.300,15.811,2.111,4.514,26.022
2,1,81,2,3,81,544,720,0.122,0.035,2.825,0.299,31.620,3.919,4.513,43.629
2,1,81,4,3,81,544,720,0.122,0.036,2.823,0.300,63.246,7.546,4.514,78.882
2,1,81,5,3,81,544,720,0.123,0.036,2.835,0.299,79.031,9.354,4.513,96.487
2,1,81,10,3,81,544,720,0.123,0.037,2.823,0.299,158.040,18.416,4.514,184.549
2,1,81,20,3,81,544,720,0.123,0.036,2.824,0.300,316.115,36.539,4.514,360.746
2,1,81,50,3,81,544,720,0.137,0.036,2.825,0.299,790.087,90.883,4.515,889.093
#run_id,world_size,frame_num,sampling_steps,colors,frames,height,width,txt_enc,img_enc,vae_enc,sched_setup,dit,sched,vae_dec,total
w,2,5,1,3,5,544,720,3.161,2.428,2.395,0.001,22.686,0.695,1.371,32.872
0,2,5,1,3,5,544,720,0.164,0.036,0.043,0.170,0.753,0.183,0.027,1.502
0,2,5,2,3,5,544,720,0.158,0.036,0.041,0.170,2.281,0.809,0.032,3.647
0,2,5,4,3,5,544,720,0.158,0.036,0.041,0.169,3.212,2.085,0.028,5.855
0,2,5,5,3,5,544,720,0.157,0.035,0.042,0.170,3.745,0.238,0.027,4.541
0,2,5,10,3,5,544,720,0.159,0.036,0.043,0.170,7.492,0.309,0.027,8.364
0,2,5,20,3,5,544,720,0.158,0.036,0.043,0.171,15.001,0.972,0.027,16.534
0,2,5,50,3,5,544,720,0.158,0.036,0.045,0.170,37.574,0.873,0.027,39.014
0,2,9,1,3,9,544,720,0.161,0.036,0.074,0.298,1.252,0.319,0.765,2.719
0,2,9,2,3,9,544,720,0.158,0.036,0.071,0.298,2.077,0.339,0.085,3.255
0,2,9,4,3,9,544,720,0.160,0.036,0.070,0.299,4.149,0.383,0.085,5.374
0,2,9,5,3,9,544,720,0.160,0.036,0.071,0.298,5.188,0.403,0.085,6.432
0,2,9,10,3,9,544,720,0.158,0.036,0.072,0.299,10.389,0.511,0.085,11.741
0,2,9,20,3,9,544,720,0.159,0.036,0.071,0.298,20.782,0.726,0.814,22.650
0,2,9,50,3,9,544,720,0.159,0.036,0.072,0.297,51.993,1.364,0.085,54.198
0,2,21,1,3,21,544,720,0.158,0.036,0.536,0.300,1.975,0.345,0.823,4.367
0,2,21,2,3,21,544,720,0.159,0.035,0.535,0.301,3.944,0.391,0.821,6.381
0,2,21,4,3,21,544,720,0.159,0.036,0.537,0.300,7.884,0.481,0.821,10.414
0,2,21,5,3,21,544,720,0.161,0.037,0.532,0.299,9.861,0.526,0.822,12.436
0,2,21,10,3,21,544,720,0.159,0.036,0.535,0.300,19.717,0.755,0.824,22.523
0,2,21,20,3,21,544,720,0.159,0.036,0.535,0.301,39.446,1.213,0.821,42.707
0,2,21,50,3,21,544,720,0.158,0.036,0.535,0.301,98.626,2.583,0.823,103.259
0,2,41,1,3,41,544,720,0.160,0.036,1.309,0.300,3.984,0.396,2.063,8.444
0,2,41,2,3,41,544,720,0.160,0.036,1.308,0.299,7.897,0.491,2.063,12.454
0,2,41,4,3,41,544,720,0.158,0.036,1.308,0.301,15.786,0.687,2.061,20.532
0,2,41,5,3,41,544,720,0.159,0.036,1.306,0.301,19.743,0.785,2.710,24.864
0,2,41,10,3,41,544,720,0.159,0.036,1.306,0.300,39.489,1.268,2.062,44.816
0,2,41,20,3,41,544,720,0.159,0.036,1.308,0.300,79.054,2.238,2.060,85.352
0,2,41,50,3,41,544,720,0.158,0.036,1.314,0.300,197.661,5.145,2.061,206.873
0,2,61,1,3,61,544,720,0.159,0.036,2.088,0.298,6.299,0.454,3.301,12.834
0,2,61,2,3,61,544,720,0.159,0.036,2.081,0.300,12.573,0.611,3.297,19.254
0,2,61,4,3,61,544,720,0.158,0.036,2.082,0.300,25.163,0.924,3.296,32.157
0,2,61,5,3,61,544,720,0.159,0.036,2.081,0.300,31.451,1.085,3.299,38.608
0,2,61,10,3,61,544,720,0.159,0.036,2.084,0.300,62.940,1.869,3.299,70.886
0,2,61,20,3,61,544,720,0.159,0.036,2.091,0.301,125.975,3.442,3.302,135.501
0,2,61,50,3,61,544,720,0.159,0.036,2.087,0.301,314.921,8.147,3.305,329.153
0,2,81,1,3,81,544,720,0.158,0.036,2.855,0.299,9.134,0.529,4.537,17.747
0,2,81,2,3,81,544,720,0.159,0.036,2.852,0.300,18.254,0.757,4.542,27.095
0,2,81,4,3,81,544,720,0.158,0.035,2.852,0.301,36.517,1.217,4.543,45.821
0,2,81,5,3,81,544,720,0.159,0.036,2.851,0.300,45.667,1.447,4.543,55.201
0,2,81,10,3,81,544,720,0.159,0.037,2.854,0.299,91.342,2.597,4.546,102.035
0,2,81,20,3,81,544,720,0.159,0.036,2.852,0.300,182.690,4.901,4.545,195.682
0,2,81,50,3,81,544,720,0.159,0.036,2.867,0.300,456.667,11.813,4.544,476.584
1,2,5,1,3,5,544,720,0.159,0.036,0.045,0.171,0.753,0.184,0.026,1.504
1,2,5,2,3,5,544,720,0.158,0.035,0.040,0.171,1.504,0.198,0.026,2.260
1,2,5,4,3,5,544,720,0.157,0.035,0.040,0.172,3.010,0.227,0.026,3.795
1,2,5,5,3,5,544,720,0.158,0.035,0.040,0.172,3.758,0.241,0.026,4.558
1,2,5,10,3,5,544,720,0.159,0.035,0.040,0.172,7.520,0.311,0.026,8.390
1,2,5,20,3,5,544,720,0.158,0.036,0.040,0.172,15.059,0.451,0.027,16.071
1,2,5,50,3,5,544,720,0.159,0.036,0.042,0.171,37.644,0.876,0.027,39.085
1,2,9,1,3,9,544,720,0.159,0.036,0.071,0.300,1.042,0.320,0.085,2.202
1,2,9,2,3,9,544,720,0.158,0.035,0.070,0.299,2.082,0.341,0.084,3.259
1,2,9,4,3,9,544,720,0.157,0.035,0.071,0.298,4.158,0.383,0.085,5.379
1,2,9,5,3,9,544,720,0.159,0.036,0.069,0.299,5.197,0.405,0.084,6.440
1,2,9,10,3,9,544,720,0.157,0.035,0.071,0.299,10.406,0.511,0.085,11.756
1,2,9,20,3,9,544,720,0.159,0.036,0.072,0.300,20.808,0.726,0.085,22.375
1,2,9,50,3,9,544,720,0.158,0.036,0.071,0.298,52.029,1.367,0.085,54.237
1,2,21,1,3,21,544,720,0.159,0.036,0.536,0.301,1.974,0.346,0.822,4.368
1,2,21,2,3,21,544,720,0.159,0.035,0.534,0.301,3.943,0.391,0.822,6.380
1,2,21,4,3,21,544,720,0.158,0.035,0.534,0.302,7.892,0.483,0.822,10.419
1,2,21,5,3,21,544,720,0.159,0.036,0.533,0.300,9.865,0.526,0.821,12.437
1,2,21,10,3,21,544,720,0.159,0.037,0.534,0.301,19.724,0.755,0.821,22.527
1,2,21,20,3,21,544,720,0.159,0.036,0.534,0.301,39.447,1.213,0.822,42.707
1,2,21,50,3,21,544,720,0.159,0.036,0.538,0.301,98.621,2.584,0.822,103.257
1,2,41,1,3,41,544,720,0.159,0.036,1.309,0.301,3.955,0.397,2.062,8.413
1,2,41,2,3,41,544,720,0.158,0.035,1.307,0.301,7.899,0.493,2.058,12.444
1,2,41,4,3,41,544,720,0.158,0.035,1.307,0.300,15.782,0.684,2.060,20.521
1,2,41,5,3,41,544,720,0.159,0.036,1.306,0.300,19.743,0.783,2.061,24.584
1,2,41,10,3,41,544,720,0.159,0.039,1.313,0.299,39.533,1.265,2.060,44.866
1,2,41,20,3,41,544,720,0.160,0.036,1.311,0.300,79.041,2.237,2.060,85.343
1,2,41,50,3,41,544,720,0.159,0.036,1.313,0.300,197.626,5.153,2.061,206.846
1,2,61,1,3,61,544,720,0.159,0.036,2.083,0.301,6.301,0.456,3.302,12.833
1,2,61,2,3,61,544,720,0.159,0.036,2.081,0.300,12.585,0.612,3.301,19.271
1,2,61,4,3,61,544,720,0.159,0.036,2.079,0.300,25.174,0.927,3.297,32.170
1,2,61,5,3,61,544,720,0.159,0.036,2.090,0.300,31.472,1.082,3.302,38.638
1,2,61,10,3,61,544,720,0.160,0.036,2.082,0.300,62.991,1.870,3.301,70.939
1,2,61,20,3,61,544,720,0.160,0.036,2.081,0.300,125.949,3.443,3.301,135.467
1,2,61,50,3,61,544,720,0.160,0.037,2.080,0.300,315.054,8.149,3.303,329.282
1,2,81,1,3,81,544,720,0.158,0.036,2.853,0.301,9.130,0.530,4.535,17.738
1,2,81,2,3,81,544,720,0.158,0.035,2.854,0.300,18.252,0.758,4.536,27.090
1,2,81,4,3,81,544,720,0.159,0.036,2.854,0.300,36.503,1.218,4.537,45.803
1,2,81,5,3,81,544,720,0.159,0.036,2.859,0.300,45.658,1.449,4.538,55.195
1,2,81,10,3,81,544,720,0.159,0.036,2.854,0.300,91.374,2.600,4.547,102.066
1,2,81,20,3,81,544,720,0.159,0.036,2.865,0.300,182.766,4.904,4.544,195.774
1,2,81,50,3,81,544,720,0.159,0.036,2.856,0.301,456.779,11.815,4.542,476.686
2,2,5,1,3,5,544,720,0.158,0.036,0.043,0.170,0.754,0.183,0.026,1.503
2,2,5,2,3,5,544,720,0.157,0.035,0.042,0.172,1.504,0.199,0.026,2.263
2,2,5,4,3,5,544,720,0.159,0.035,0.043,0.171,3.010,0.226,0.027,3.800
2,2,5,5,3,5,544,720,0.158,0.036,0.042,0.172,3.761,0.241,0.026,4.565
2,2,5,10,3,5,544,720,0.157,0.035,0.042,0.172,7.523,0.312,0.027,8.396
2,2,5,20,3,5,544,720,0.159,0.036,0.043,0.171,15.052,0.452,0.027,16.067
2,2,5,50,3,5,544,720,0.159,0.036,0.042,0.172,37.632,0.877,0.027,39.073
2,2,9,1,3,9,544,720,0.159,0.036,0.072,0.300,1.043,0.320,0.084,2.203
2,2,9,2,3,9,544,720,0.158,0.035,0.074,0.299,2.080,0.340,0.085,3.262
2,2,9,4,3,9,544,720,0.159,0.036,0.071,0.300,4.162,0.384,0.085,5.387
2,2,9,5,3,9,544,720,0.159,0.036,0.071,0.299,5.200,0.403,0.085,6.443
2,2,9,10,3,9,544,720,0.159,0.036,0.071,0.298,10.396,0.510,0.085,11.747
2,2,9,20,3,9,544,720,0.158,0.036,0.072,0.298,20.799,0.723,0.084,22.364
2,2,9,50,3,9,544,720,0.159,0.036,0.071,0.299,52.009,1.368,0.085,54.219
2,2,21,1,3,21,544,720,0.158,0.036,0.535,0.303,1.976,0.348,0.822,4.370
2,2,21,2,3,21,544,720,0.158,0.035,0.533,0.301,3.948,0.391,0.822,6.383
2,2,21,4,3,21,544,720,0.158,0.035,0.534,0.302,7.892,0.483,0.822,10.420
2,2,21,5,3,21,544,720,0.158,0.035,0.534,0.301,9.862,0.527,0.822,12.434
2,2,21,10,3,21,544,720,0.161,0.036,0.535,0.301,19.734,0.756,0.823,22.540
2,2,21,20,3,21,544,720,0.159,0.036,0.536,0.300,39.490,1.214,0.824,42.756
2,2,21,50,3,21,544,720,0.158,0.036,0.535,0.302,98.723,2.583,0.823,103.355
2,2,41,1,3,41,544,720,0.158,0.036,1.309,0.301,3.958,0.398,2.060,8.415
2,2,41,2,3,41,544,720,0.158,0.035,1.309,0.300,7.901,0.491,2.060,12.450
2,2,41,4,3,41,544,720,0.159,0.036,1.309,0.300,15.793,0.685,2.059,20.536
2,2,41,5,3,41,544,720,0.159,0.036,1.308,0.300,19.738,0.781,2.059,24.577
2,2,41,10,3,41,544,720,0.158,0.036,1.307,0.299,39.504,1.265,2.061,44.828
2,2,41,20,3,41,544,720,0.159,0.036,1.312,0.300,79.038,2.237,2.061,85.338
2,2,41,50,3,41,544,720,0.159,0.036,1.307,0.300,197.596,5.147,2.060,206.803
2,2,61,1,3,61,544,720,0.158,0.036,2.080,0.301,6.297,0.457,3.299,12.823
2,2,61,2,3,61,544,720,0.158,0.035,2.087,0.300,12.573,0.612,3.300,19.261
2,2,61,4,3,61,544,720,0.159,0.035,2.081,0.301,25.174,0.927,3.298,32.169
2,2,61,5,3,61,544,720,0.159,0.036,2.081,0.301,31.460,1.084,3.299,38.615
2,2,61,10,3,61,544,720,0.159,0.036,2.087,0.300,62.956,1.869,3.301,70.902
2,2,61,20,3,61,544,720,0.159,0.036,2.082,0.300,125.957,3.441,3.300,135.471
2,2,61,50,3,61,544,720,0.159,0.036,2.082,0.301,314.957,8.157,3.300,329.190
2,2,81,1,3,81,544,720,0.158,0.036,2.859,0.300,9.135,0.529,4.540,17.755
2,2,81,2,3,81,544,720,0.158,0.035,2.856,0.301,18.247,0.756,4.539,27.088
2,2,81,4,3,81,544,720,0.158,0.035,2.853,0.300,36.499,1.219,4.541,45.803
2,2,81,5,3,81,544,720,0.158,0.036,2.853,0.301,45.628,1.448,4.537,55.157
2,2,81,10,3,81,544,720,0.158,0.036,2.855,0.301,91.333,2.599,4.545,102.023
2,2,81,20,3,81,544,720,0.159,0.036,2.856,0.301,182.665,4.902,4.542,195.657
2,2,81,50,3,81,544,720,0.158,0.036,2.866,0.300,456.711,11.812,4.544,476.625
#run_id,world_size,frame_num,sampling_steps,colors,frames,height,width,txt_enc,img_enc,vae_enc,sched_setup,dit,sched,vae_dec,total
w,4,5,1,3,5,544,720,2.795,2.170,1.931,0.001,47.184,0.480,0.381,55.166
0,4,5,1,3,5,544,720,0.170,0.036,0.043,0.171,0.521,0.177,0.026,1.270
0,4,5,2,3,5,544,720,0.169,0.039,0.040,0.170,1.065,0.927,0.769,3.241
0,4,5,4,3,5,544,720,0.170,0.037,0.049,0.169,2.620,0.291,0.027,3.545
0,4,5,5,3,5,544,720,0.168,0.036,0.042,0.169,2.598,0.203,0.028,3.371
0,4,5,10,3,5,544,720,0.169,0.037,0.042,0.170,5.179,0.237,0.028,5.989
0,4,5,20,3,5,544,720,0.169,0.037,0.043,0.169,10.352,0.392,0.027,11.319
0,4,5,50,3,5,544,720,0.173,0.040,0.049,0.165,25.886,0.515,0.027,26.992
0,4,9,1,3,9,544,720,0.168,0.036,0.073,0.297,1.525,0.307,0.224,2.683
0,4,9,2,3,9,544,720,0.169,0.036,0.069,0.298,1.351,0.319,0.084,2.517
0,4,9,4,3,9,544,720,0.168,0.036,0.070,0.298,2.694,0.340,0.084,3.878
0,4,9,5,3,9,544,720,0.169,0.037,0.070,0.297,3.371,0.350,0.084,4.571
0,4,9,10,3,9,544,720,0.169,0.036,0.070,0.298,6.731,0.408,0.084,7.987
0,4,9,20,3,9,544,720,0.170,0.036,0.071,0.297,13.445,0.514,0.084,14.809
0,4,9,50,3,9,544,720,0.169,0.037,0.069,0.298,33.586,0.844,0.084,35.282
0,4,21,1,3,21,544,720,0.169,0.036,0.537,0.300,1.769,0.323,0.822,4.152
0,4,21,2,3,21,544,720,0.167,0.036,0.536,0.301,2.297,0.345,0.821,4.697
0,4,21,4,3,21,544,720,0.168,0.036,0.535,0.300,4.583,0.394,0.823,7.034
0,4,21,5,3,21,544,720,0.168,0.037,0.535,0.300,5.738,0.418,1.310,8.271
0,4,21,10,3,21,544,720,0.169,0.037,0.537,0.300,11.464,0.536,0.825,14.066
0,4,21,20,3,21,544,720,0.169,0.036,0.534,0.302,22.961,0.778,0.822,25.797
0,4,21,50,3,21,544,720,0.169,0.036,0.537,0.300,57.408,1.494,0.823,60.963
0,4,41,1,3,41,544,720,0.168,0.036,1.314,0.300,2.189,0.350,2.063,6.614
0,4,41,2,3,41,544,720,0.168,0.036,1.314,0.300,4.358,0.400,2.059,8.832
0,4,41,4,3,41,544,720,0.169,0.036,1.312,0.300,8.720,0.500,2.062,13.295
0,4,41,5,3,41,544,720,0.169,0.036,1.306,0.299,10.897,0.550,2.059,15.513
0,4,41,10,3,41,544,720,0.170,0.036,1.305,0.299,21.797,0.801,2.060,26.669
0,4,41,20,3,41,544,720,0.168,0.036,1.307,0.300,43.633,1.307,2.064,49.014
0,4,41,50,3,41,544,720,0.170,0.036,1.309,0.301,109.178,2.828,2.063,116.083
0,4,61,1,3,61,544,720,0.168,0.036,2.089,0.299,3.836,0.378,3.299,10.305
0,4,61,2,3,61,544,720,0.169,0.036,2.080,0.299,6.609,0.457,3.777,13.490
0,4,61,4,3,61,544,720,0.169,0.036,2.078,0.300,13.189,0.617,3.300,19.885
0,4,61,5,3,61,544,720,0.182,0.041,2.084,0.297,16.502,0.691,3.300,23.302
0,4,61,10,3,61,544,720,0.174,0.043,2.099,0.298,33.114,1.090,3.303,40.328
0,4,61,20,3,61,544,720,0.177,0.040,2.101,0.300,66.048,1.892,3.305,74.066
0,4,61,50,3,61,544,720,0.169,0.037,2.103,0.301,165.208,4.283,3.306,175.607
0,4,81,1,3,81,544,720,0.170,0.036,2.883,0.299,4.754,0.415,4.542,13.296
0,4,81,2,3,81,544,720,0.167,0.035,2.881,0.301,9.494,0.533,4.540,18.147
0,4,81,4,3,81,544,720,0.168,0.036,2.874,0.299,18.999,0.763,4.543,27.881
0,4,81,5,3,81,544,720,0.168,0.036,2.875,0.300,23.763,0.882,4.544,32.766
0,4,81,10,3,81,544,720,0.169,0.035,2.874,0.300,47.523,1.467,4.547,57.113
0,4,81,20,3,81,544,720,0.169,0.036,2.884,0.300,95.201,2.640,4.546,105.976
0,4,81,50,3,81,544,720,0.170,0.036,2.886,0.301,238.153,6.161,4.551,252.456
1,4,5,1,3,5,544,720,0.168,0.036,0.060,0.171,0.519,0.177,0.026,1.286
1,4,5,2,3,5,544,720,0.167,0.035,0.043,0.172,1.036,0.184,0.027,1.793
1,4,5,4,3,5,544,720,0.168,0.035,0.047,0.171,2.070,0.197,0.026,2.844
1,4,5,5,3,5,544,720,0.169,0.035,0.042,0.172,2.590,0.204,0.026,3.368
1,4,5,10,3,5,544,720,0.167,0.035,0.041,0.171,5.176,0.240,0.027,5.986
1,4,5,20,3,5,544,720,0.168,0.036,0.042,0.171,10.351,0.310,0.027,11.233
1,4,5,50,3,5,544,720,0.168,0.036,0.043,0.171,25.860,0.522,0.027,26.957
1,4,9,1,3,9,544,720,0.168,0.036,0.073,0.298,0.678,0.309,0.084,1.837
1,4,9,2,3,9,544,720,0.166,0.035,0.071,0.298,1.351,0.318,0.084,2.514
1,4,9,4,3,9,544,720,0.168,0.036,0.072,0.300,2.694,0.342,0.084,3.886
1,4,9,5,3,9,544,720,0.168,0.035,0.071,0.298,3.372,0.352,0.084,4.571
1,4,9,10,3,9,544,720,0.168,0.036,0.071,0.298,6.733,0.406,0.084,7.988
1,4,9,20,3,9,544,720,0.169,0.036,0.073,0.298,13.473,0.516,0.084,14.843
1,4,9,50,3,9,544,720,0.168,0.036,0.072,0.298,33.647,0.845,0.084,35.343
1,4,21,1,3,21,544,720,0.168,0.036,0.540,0.301,1.151,0.324,0.824,3.540
1,4,21,2,3,21,544,720,0.168,0.036,0.540,0.301,2.299,0.348,0.822,4.707
1,4,21,4,3,21,544,720,0.168,0.035,0.540,0.301,4.590,0.395,0.822,7.047
1,4,21,5,3,21,544,720,0.169,0.036,0.540,0.301,5.736,0.419,0.823,8.219
1,4,21,10,3,21,544,720,0.168,0.035,0.537,0.301,11.481,0.539,0.822,14.080
1,4,21,20,3,21,544,720,0.169,0.036,0.541,0.301,22.983,0.776,0.823,25.823
1,4,21,50,3,21,544,720,0.170,0.036,0.543,0.302,57.496,1.500,0.823,61.065
1,4,41,1,3,41,544,720,0.168,0.036,1.320,0.301,2.185,0.351,2.063,6.618
1,4,41,2,3,41,544,720,0.168,0.035,1.320,0.301,4.361,0.400,2.063,8.843
1,4,41,4,3,41,544,720,0.168,0.036,1.320,0.300,8.720,0.501,2.060,13.300
1,4,41,5,3,41,544,720,0.169,0.036,1.318,0.300,10.902,0.552,2.061,15.534
1,4,41,10,3,41,544,720,0.168,0.036,1.317,0.299,21.808,0.802,2.062,26.690
1,4,41,20,3,41,544,720,0.168,0.036,1.317,0.300,43.637,1.309,2.062,49.028
1,4,41,50,3,41,544,720,0.168,0.036,1.317,0.301,109.224,2.829,2.064,116.137
1,4,61,1,3,61,544,720,0.169,0.036,2.106,0.299,3.298,0.378,3.304,9.789
1,4,61,2,3,61,544,720,0.169,0.036,2.098,0.300,6.603,0.457,3.302,13.163
1,4,61,4,3,61,544,720,0.168,0.036,2.101,0.299,13.194,0.615,3.299,19.911
1,4,61,5,3,61,544,720,0.170,0.036,2.098,0.301,16.505,0.696,3.304,23.307
1,4,61,10,3,61,544,720,0.169,0.036,2.097,0.300,32.992,1.093,3.304,40.189
1,4,61,20,3,61,544,720,0.168,0.036,2.102,0.300,66.064,1.892,3.305,74.065
1,4,61,50,3,61,544,720,0.169,0.036,2.099,0.300,165.201,4.280,3.305,175.589
1,4,81,1,3,81,544,720,0.170,0.036,2.883,0.300,4.756,0.416,4.543,13.300
1,4,81,2,3,81,544,720,0.171,0.037,2.862,0.300,9.796,0.532,4.539,18.434
1,4,81,4,3,81,544,720,0.169,0.036,2.879,0.299,18.991,0.762,4.540,27.876
1,4,81,5,3,81,544,720,0.169,0.036,2.870,0.300,23.756,0.882,4.540,32.750
1,4,81,10,3,81,544,720,0.169,0.036,2.884,0.300,47.534,1.467,4.544,57.134
