num_a100,num_h100,num_h200,ttff_s,tbf_s,cost,num_a100_config,num_h100_config,num_h200_config,total_time
8,0,0,59213.26893442655,4.333132306693249,451.9224763934451,8,0,0,59813.26893442655
15,0,0,29232.07515529347,2.1482029673426775,462.6210646999908,16,0,0,29832.07515529347
22,0,0,42089.14515128753,3.091644174505907,886.9855714767519,24,0,0,42689.14515128753
27,0,0,22874.417647797,1.6854274024199578,598.5976500188235,32,0,0,23474.417647797
33,0,0,13995.397858534798,1.0444780818957435,494.88989992433454,40,0,0,14595.397858534798
42,0,0,15912.534211820945,1.1846682440796297,654.9971904022308,48,0,0,16512.534211820945
51,0,0,12542.378053968567,0.9330466002916298,633.0245429328193,56,0,0,13142.378053968567
53,0,0,20197.89275655951,1.5061136667615598,1041.050076314451,64,0,0,20797.89275655951
57,0,0,9235.566379639858,0.6982012009177431,529.481323437279,72,0,0,9835.566379639858
73,0,0,10949.180405845547,0.832054457525848,796.2518268696846,80,0,0,11549.180405845547
85,0,0,8090.526399884955,0.6201554245994808,697.6561471018755,96,0,0,8690.526399884955
101,0,0,5194.63606285538,0.409057566667088,552.7438955512604,112,0,0,5794.63606285538
121,0,0,10727.539657067275,0.80761846915848,1294.4860596992992,128,0,0,11327.539657067275
137,0,0,23062.065007621215,1.7137319899194436,3061.6083001527672,144,0,0,23662.065007621215
129,0,0,6579.133366150221,0.5140634455309823,874.6577484426352,160,0,0,7179.133366150221
165,0,0,3251.9264577662134,0.2709587675113981,600.2585396685682,176,0,0,3851.9264577662134
165,0,0,4161.11538943851,0.3379982429887352,741.9404815208344,192,0,0,4761.11538943851
181,0,0,6036.452220045715,0.47543506643998146,1134.4646378378147,208,0,0,6636.452220045715
233,0,0,3665.3057296292127,0.30350744995014967,938.6042219478505,256,0,0,4265.305729629213
285,0,0,2374.0352533361884,0.20844367167731434,800.5111556896574,304,0,0,2974.0352533361884
321,0,0,2687.546112188014,0.2308533588620797,996.6743963449994,352,0,0,3287.546112188014
361,0,0,2652.977114566351,0.2295903614594141,1109.0844751163163,400,0,0,3252.977114566351
505,0,0,2294.0409321938632,0.20425384050983464,1380.2967446046844,512,0,0,2894.0409321938632
593,0,0,1340.4448784359915,0.13471560875063604,1086.7569344174017,624,0,0,1940.4448784359915
665,0,0,1288.7475351686667,0.1310781650348086,1186.238382504543,672,0,0,1888.7475351686667
745,0,0,1576.1345267058068,0.15210162042659045,1531.1524322627247,768,0,0,2176.134526705807
785,0,0,1235.0902516379397,0.12721527936301963,1360.5155226726836,864,0,0,1835.0902516379397
937,0,0,1066.918876119094,0.11500263327418603,1475.1305987611693,960,0,0,1666.918876119094
945,0,0,1035.671805669035,0.11272855156211846,1459.8370865596137,1024,0,0,1635.671805669035
1505,0,0,526.7767323386736,0.07568084150892093,1601.58792760472,1536,0,0,1126.7767323386736
1985,0,0,222.7550513563698,0.05353308138443903,1542.437178223372,2048,0,0,822.7550513563698
0,8,0,27187.604852519777,2.013043515383845,332.8337559001813,0,8,0
0,13,0,23583.37944546357,1.7520604486503395,470.7026104843423,0,16,0
0,29,0,22025.299255796843,1.6390241737841478,982.3779240760014,0,32,0
0,31,0,14828.346525291432,1.1177968043568978,716.0895613641516,0,40,0
0,59,0,5300.748389342812,0.42010758319692393,521.2491653596965,0,64,0
0,69,0,6180.73641934432,0.48683728829461026,700.5065782550961,0,80,0
0,86,0,4919.800481972234,0.3961008508848239,710.7356431703913,0,96,0
0,99,0,2171.5780066983516,0.19527245054589726,410.81715004286315,0,108,0
0,121,0,3522.981395258047,0.29416326951276095,746.9353433814849,0,128,0
0,153,0,2847.710741865678,0.24555938105423755,789.7843381928801,0,160,0
0,245,0,1420.2238322418775,0.14186805601765967,741.057383796392,0,256,0
0,465,0,895.9100304233575,0.10398071157819617,1041.4650290976615,0,512,0
0,705,0,365.9517198793519,0.06512909182325974,1019.6022883209843,0,768,0
0,969,0,288.44417528088354,0.060395800458037614,1288.9622131989665,0,1024,0
0,1505,0,59.58597363897507,0.03899446939941424,1339.801419831194,0,1536,0
9,6,0,47125.04122817581,3.465394008529372,834.3928041392737,8,8,0
10,12,0,29228.07515529347,2.1631530705167585,817.6206823123221,8,16,0
8,10,0,13891.839106658526,1.0447194903045343,326.46893098611287,8,32,0
13,32,0,46725.00112510638,3.441639098731767,2848.439234385569,8,40,0
10,60,0,29222.905155293472,2.1662686010850467,2960.7517506949685,8,64,0
6,10,0,13901.899106658526,1.0454804232491406,299.30308434020236,8,80,0
13,88,0,28826.865052224042,2.1377228765787413,4238.449463022002,8,96,0
11,96,0,28547.60708454178,2.1178914512358613,4492.293976329767,8,108,0
12,124,0,21439.11758399258,1.5989714876183965,4341.461284962272,8,128,0
9,28,0,25560.76813230949,1.8983345435029257,1319.0840642713385,8,160,0
10,224,0,19518.745418844297,1.459629504648803,6937.390503649043,8,256,0
7,456,0,19662.31010302899,1.4705483235519878,13967.710901133572,8,512,0
6,100,0,4337.2053887039565,0.3525514169312918,767.1868595669425,8,768,0
8,16,0,30162.99259441455,2.2337362310896323,969.3760777528852,8,1024,0
11,4,0,27296.03299014519,2.0206047783522134,456.8750291941556,8,1536,0
17,8,0,28808.80505222404,2.1311148397495216,824.4268349640139,16,8,0
15,16,0,11153.1818238985,0.8456691038272888,448.0574093088417,16,16,0
18,28,0,22111.485654744272,1.6466954430759986,1338.2112047456542,16,32,0
15,26,0,15664.722656747243,1.1734416316456893,863.5664135029633,16,40,0
15,64,0,6844.7453309483335,0.5363817890222027,818.8392670117505,16,64,0
18,72,0,21171.64751527963,1.578829596350596,2717.101609906898,16,80,0
14,76,0,21441.787583992584,1.5959692862029433,2799.551931917991,16,96,0
15,98,0,21430.227583992582,1.5986108508584744,3544.5412281111617,16,108,0
16,120,0,11446.069835720953,0.8697110464220082,2346.3067135576475,16,128,0
20,134,0,46172.23708871117,3.4020953582247078,10267.285578256913,16,160,0
17,240,0,6920.034143202071,0.5417084329255288,2822.937261423133,16,256,0
25,496,0,18629.198794840067,1.3958040591067309,14734.053089899622,16,512,0
17,680,0,7685.41424981188,0.5986835885500176,8568.499236680453,16,768,0
15,960,0,7549.87026597075,0.5889865051796728,11829.53669105654,16,1024,0
14,1440,0,7350.526124485622,0.5742748330597656,17246.45794759253,16,1536,0
30,6,0,18048.481953980358,1.3472297742798653,695.8991849160336,32,8,0
31,14,0,7528.571157619505,0.5815600188002324,408.37038321307324,32,16,0
31,26,0,11588.004997981134,0.8765385050452206,831.2896520011908,32,32,0
29,32,0,8369.751887312668,0.6465130609917009,675.4223171146439,32,40,0
33,56,0,5498.653282837571,0.43671587310297166,701.4128903405743,32,64,0
25,78,0,14986.848585995553,1.129320836427204,2188.30694787052,32,80,0
27,92,0,8374.64188731267,0.6473906365477174,1465.060428982197,32,96,0
32,80,0,6965.712841549272,0.5407490277274888,1134.8569262323908,32,108,0
31,120,0,14250.227996347801,1.075497743779631,3102.8726385702266,32,128,0
27,126,0,10201.877684433857,0.7805759065208211,2313.22210612151,32,160,0
29,216,0,8212.20233672244,0.6365766468438094,3091.2226663629344,32,256,0
33,496,0,7457.77479267457,0.5823316002618086,6235.0166037405525,32,512,0
41,760,0,3931.6402344742237,0.32539393728634003,5331.9782514405315,32,768,0
29,960,0,5629.311856476973,0.4491309359745871,9124.211505334188,32,1024,0
29,1440,0,4416.391867091725,0.36079711750627447,10952.73426492066,32,1536,0
29,6,0,28555.9126872903,2.1139216463272583,1060.465335353831,40,8,0
33,12,0,8368.15188731267,0.6430590501402749,440.63519606329584,40,16,0
41,28,0,11695.991803403213,0.8857091897970201,991.6034278788946,40,32,0
35,38,0,5980.122026984283,0.4727403534755047,591.8819763272363,40,40,0
39,60,0,10987.622022001015,0.8362787045591592,1467.7654561201286,40,64,0
35,60,0,20279.498512164384,1.5119235930785968,2565.85837271709,40,80,0
33,88,0,11696.691803403213,0.890067391970809,2003.4043545922368,40,96,0
35,102,0,6587.133018154863,0.5170005116058952,1335.1696721893356,40,108,0
31,124,0,11249.43248796545,0.8570754001766612,2546.838022746708,40,128,0
33,120,0,10553.45277583742,0.8075057451711327,2351.5196269057233,40,160,0
34,248,0,4687.124833118126,0.37965309167511124,2132.94364934281,40,256,0
57,496,0,13781.43660203991,1.0431061367815657,11454.175078564698,40,512,0
38,680,0,9122.421460507587,0.7037337949871406,10247.432219374996,40,768,0
39,1000,0,2419.598757939937,0.21514164307830164,4632.232250166416,40,1024,0
29,1440,0,7091.02457634071,0.5556245744486203,16792.49760415368,40,1536,0
45,6,0,12280.683199534276,0.9279238702517463,663.1405067226897,64,8,0
61,16,0,5971.789782234009,0.4688918641437379,536.0389865708873,64,16,0
53,28,0,6246.3206280051545,0.49260416062469703,629.7093573180741,64,32,0
49,40,0,7766.8965230025005,0.6020907448351095,888.2855141920988,64,40,0
59,56,0,4861.000701885452,0.39184293291487005,762.1736646264795,64,64,0
57,68,0,4818.464600210195,0.3881397879005745,843.3539124416045,64,80,0
57,92,0,6338.048252186504,0.4987840906590477,1329.1758662688856,64,96,0
59,80,0,11638.799511548212,0.8867929188966718,2147.909314276711,64,108,0
55,124,0,4960.743752362613,0.3995452247403244,1321.2327155613568,64,128,0
57,140,0,5687.61560668482,0.45263726861393344,1656.4374003833007,64,160,0
63,228,0,2486.97023277221,0.21940908011984614,1237.4634673106198,64,256,0
65,496,0,3243.6314700749954,0.273996747952789,3090.32240895663,64,512,0
61,728,0,1469.9349714553628,0.14583917514264463,2375.4343739647134,64,768,0
63,960,0,6682.551610209994,0.5260829312628262,10900.76600188266,64,1024,0
60,1480,0,1352.044743187437,0.1367761901080028,4436.130125823627,64,1536,0
73,8,0,7997.497263117628,0.6146507151790833,695.728584080952,80,8,0
73,14,0,4751.997832889821,0.3778924215275961,481.1743384980888,80,16,0
79,24,0,5617.289280433645,0.44541383211143193,687.2867894559369,80,32,0
67,36,0,6584.54421735423,0.512115332974305,841.8689257357522,80,40,0
75,48,0,5140.628195934425,0.4120256430283278,819.1876435598424,80,64,0
73,72,0,3532.8314473166174,0.2950001112150921,730.4549981385047,80,80,0
77,84,0,4518.934871020646,0.36630822682934877,1016.0516948434757,80,96,0
67,104,0,3340.3652584127394,0.2816446507160618,862.8962097561853,80,108,0
77,104,0,5048.791623036601,0.40611297199219093,1290.3722997556606,80,128,0
69,130,0,3873.033025928209,0.31937850419253466,1162.118830319626,80,160,0
61,224,0,5538.54098397348,0.44140834888730646,2412.3784006906444,80,256,0
61,480,0,2710.681093483694,0.23650170040095841,2570.008162180425,80,512,0
69,736,0,1922.8386575080326,0.1789905026173282,2944.4610602589028,80,768,0
83,984,0,1617.907863949777,0.15686086710514596,3441.429058808026,80,1024,0
72,1440,0,2580.284368451522,0.22659993554723365,7072.952435436185,80,1536,0
89,6,0,7370.543226512216,0.5687605853997526,741.570485635556,96,8,0
89,10,0,12952.626653096062,0.976171379748194,1342.0865005079847,96,16,0
89,36,0,4093.305019658883,0.33177388221518256,647.4675013787188,96,32,0
89,28,0,20174.675389347376,1.5027584633317699,2617.147439604673,96,40,0
93,44,0,4059.9281077992373,0.32973744470661115,716.2827271477183,96,64,0
89,76,0,2648.665122492617,0.22862700935660854,642.7303463455949,96,80,0
83,64,0,4124.515103473153,0.33443232137354345,823.0630256372841,96,96,0
89,94,0,4723.660769010972,0.38136093259058246,1196.7293649805054,96,108,0
83,120,0,3845.419482527029,0.3174010315202177,1147.1651942410026,96,128,0
89,140,0,2186.478876181307,0.19703140568694172,818.2959633052437,96,160,0
93,224,0,1213.4907707839186,0.12492576175694901,767.4894440932076,96,256,0
91,472,0,1393.7355017534203,0.14042963220085147,1580.3012165398195,96,512,0
97,720,0,1599.4836996197791,0.15525388441858243,2572.5405737830665,96,768,0
95,960,0,1662.6430481004227,0.16032432910764916,3455.1816368409063,96,1024,0
89,1440,0,530.5878095242349,0.07781301434262088,2532.5795037681487,96,1536,0
133,8,0,7328.9005930530675,0.565919179460092,1090.9286227086236,108,8,0
95,16,0,6410.735028397604,0.5003906705972345,796.9647786170655,108,16,0
107,28,0,10968.558080225366,0.8330878042305714,1654.0467264037782,108,32,0
97,38,0,2981.676618746603,0.25410244532519627,531.898876087308,108,40,0
97,62,0,3006.0045854800637,0.25603628828467573,665.0874790741814,108,64,0
105,72,0,5611.501788132322,0.44673675568520765,1285.573820083786,108,80,0
77,88,0,3351.4033282690534,0.2807442155803587,807.974171668171,108,96,0
105,96,0,2321.6171850755163,0.20544226263650725,709.6608142548429,108,108,0
101,116,0,2184.178876181307,0.19303298230540075,749.1297296178502,108,128,0
101,134,0,1746.4620760988591,0.16458663571537221,694.5918822265305,108,160,0
99,224,0,2181.0733070220003,0.196887538771467,1192.740539752691,108,256,0
97,480,0,1695.197392055043,0.16232351372302015,1859.7474423957115,108,512,0
101,744,0,1246.430699549765,0.12938535788467515,2232.929676758854,108,768,0
93,960,0,2584.636040844268,0.2274797950510781,4857.100734960982,108,1024,0
87,1480,0,1412.0611315905066,0.1418677636067688,4623.828261568961,108,1536,0
123,10,0,13323.598324767734,1.0031046330533295,1825.925213645235,128,8,0
121,14,0,5058.435526643321,0.40157199904978164,765.2405334726575,128,16,0
121,20,0,12537.56556446802,0.9472310368347041,1894.7289002977209,128,32,0
105,36,0,11011.555090532309,0.8363585210935993,1777.3420325241452,128,40,0
125,56,0,3869.6478553755596,0.318221466011146,902.4219020003254,128,64,0
121,88,0,2511.303224543184,0.22029946058284355,765.4843033451082,128,80,0
125,86,0,2264.8953320513688,0.20216118770346575,707.103916205812,128,96,0
105,92,0,3230.5324800686462,0.2716216215991848,907.495706000263,128,108,0
123,110,0,2223.6203678442903,0.19935150011660485,793.0451538687115,128,128,0
121,150,0,2075.7912290214717,0.1881754140648193,906.7215889675815,128,160,0
121,248,0,4508.617066289115,0.36705040699817915,2480.687684978147,128,256,0
113,500,0,1471.4292303153215,0.14544150183589633,1771.7624683297051,128,512,0
121,704,0,838.2620135330981,0.09993972681740586,1680.3534717887972,128,768,0
115,960,0,1102.7504313952493,0.11937427233889292,2632.3575696908665,128,1024,0
117,1520,0,843.0619715465702,0.10039552162105916,3443.546714657768,128,1536,0
153,8,0,12535.965564468017,0.9468807467259416,2055.4867004933676,160,8,0
147,12,0,5672.662113280652,0.4465573502939335,983.5534193624063,160,16,0
153,28,0,3684.544200046592,0.3022912461571375,798.7342509820189,160,32,0
133,36,0,3449.8354671586935,0.28852996281766286,726.9904645268427,160,40,0
139,56,0,3125.979295588605,0.26384325170156175,801.5409460210108,160,64,0
159,72,0,1728.1809481396303,0.16223690631225368,600.59307858842,160,80,0
145,100,0,2066.5258616456103,0.18875751018975337,764.4040803384082,160,96,0
141,100,0,2647.2041104526033,0.23093656464932857,918.5979628013698,160,108,0
151,116,0,11456.929564479839,0.873053629412067,3813.472855360923,160,128,0
145,150,0,1708.3733724104613,0.16179705438527622,834.5410956089487,160,160,0
153,224,0,6632.811420399273,0.5211424639053396,3470.865471506935,160,256,0
153,472,0,808.245594658465,0.09811525217374074,1198.6830030000115,160,512,0
121,720,0,2937.194622594256,0.2530698145282129,4217.318544194185,160,768,0
137,1000,0,1589.3971095276047,0.15498857990113613,3561.297664992152,160,1024,0
151,1440,0,292.78238659203635,0.06050432974627042,2052.15951362475,160,1536,0
249,8,0,11181.63474302476,0.8483761268193787,2911.7655732122194,256,8,0
243,16,0,5565.570337508958,0.43929611851535166,1562.698055210187,256,16,0
229,30,0,2558.436636488588,0.21864922478521098,824.9661025806165,256,32,0
239,36,0,2064.5623502717904,0.18415666797597707,745.0708456326653,256,40,0
249,68,0,2048.4547117831116,0.18715105949928845,892.4703833217578,256,64,0
241,62,0,2259.424155159166,0.20195938903908153,916.2706991412529,256,80,0
249,88,0,1715.4013906182545,0.16266525874245197,849.5722235820737,256,96,0
225,90,0,1801.365333878026,0.16838231672532014,833.8741121891445,256,108,0
233,120,0,1537.0257271804753,0.14842803981512068,854.2166726146401,256,128,0
249,128,0,1810.4685112240259,0.1699296819202286,1028.8147435738724,256,160,0
245,224,0,988.371623019754,0.109955929150312,900.2360902068292,256,256,0
245,480,0,1262.909243741255,0.13114456735406632,1769.867276512178,256,512,0
245,728,0,845.4945434845283,0.10074423673641358,1910.0283066090062,256,768,0
225,984,0,1052.9022537516723,0.11596181348972978,2786.4075226327773,256,1024,0
241,1480,0,352.1369362055286,0.06488950756723125,2326.5466036182092,256,1536,0
489,8,0,11181.63474302476,0.8483761268193787,5582.269448297831,512,8,0
489,12,0,3960.0870701338035,0.32202425561741393,2187.929776250199,512,16,0
497,28,0,2638.8472181051598,0.22798363518921452,1656.0585698084806,512,32,0
465,38,0,2820.356945578844,0.2378028496087521,1696.7060668204474,512,40,0
505,60,0,3130.280297309946,0.2654647003416575,2114.2399773975594,512,64,0
465,76,0,1760.5441731806504,0.1663561108865634,1305.2760146945361,512,80,0
457,76,0,1060.6089478179445,0.11364365384793779,905.696120139907,512,96,0
505,104,0,1004.9577877644533,0.1113615969605861,1015.3854608613356,512,108,0
465,116,0,1001.8786264554017,0.11105978823895053,981.7024168974903,512,128,0
489,136,0,958.9583693858301,0.1072093117842428,1037.4175077876305,512,160,0
457,240,0,836.301792313408,0.09976604357948765,1136.0349231758883,512,256,0
497,496,0,331.7527370156556,0.06312245831387107,1129.2946700711636,512,512,0
505,744,0,196.70847206693531,0.05295422469138556,1267.4658035785749,512,768,0
489,960,0,243.4057808618819,0.05693240000863014,1601.7681454868573,512,1024,0
457,1480,0,86.61919646335059,0.04552887857071024,1817.8243226367206,512,1536,0
745,8,0,7320.170922813661,0.5669283265124473,5667.586310466313,768,8,0
705,12,0,8016.370444438937,0.6202215514077843,5891.874109907345,768,16,0
745,28,0,2052.7613387579872,0.1865265297402102,1977.722003422038,768,32,0
745,24,0,3596.7486777148815,0.29589215560817905,3103.6821693336087,768,40,0
705,56,0,968.8685022805,0.10689356422145797,1176.1458524151958,768,64,0
705,72,0,1185.387043111511,0.1227966488923209,1381.234929452502,768,80,0
729,92,0,764.5612542278586,0.09325924742131482,1127.4611554099113,768,96,0
705,96,0,892.7843060885975,0.10286700938979915,1208.508414732459,768,108,0
745,104,0,1392.8346535441963,0.13942372265354896,1712.487103005051,768,128,0
713,136,0,621.1520568384219,0.08318642746680484,1070.963922203483,768,160,0
745,240,0,366.5613792485385,0.06554284744955272,1027.4010482867939,768,256,0
713,472,0,306.2052750860612,0.06154060522161598,1250.633762251271,768,512,0
705,720,0,439.96999492875943,0.07127300729548232,1813.5343428232682,768,768,0
753,1000,0,61.76482031104396,0.04314394822361901,1443.623352770502,768,1024,0
729,1440,0,61.53834926857292,0.03172129493144079,1413.0182199881267,768,1536,0
985,6,0,6487.185201820857,0.5047261798313022,6656.717447312483,1024,8,0
1009,12,0,3709.3970863681834,0.30375239091146494,4184.041513344718,1024,16,0
985,28,0,1731.9205120795596,0.16332958815472248,2267.0931218437477,1024,32,0
969,28,0,2230.9694012547347,0.19970341389635335,2709.4893587253373,1024,40,0
1009,62,0,539.3324200438005,0.07624035742039617,1191.4821967590274,1024,64,0
985,64,0,1044.998590234577,0.11252053315318326,1687.9330534396995,1024,80,0
953,88,0,784.7632028097303,0.09489759306424993,1428.8140589168888,1024,96,0
985,100,0,753.5930498764299,0.0921705931337471,1461.8804938665444,1024,108,0
953,120,0,908.659056173133,0.10413395608131404,1628.9327087069355,1024,128,0
1009,150,0,341.33072561807865,0.06224687417718974,1108.4430774909993,1024,160,0
985,200,0,887.7193038416542,0.10385796831350072,1829.4814883630565,1024,256,0
945,480,0,336.4902388074131,0.06372735879291921,1508.8418564252102,1024,512,0
985,720,0,171.81755668672326,0.0517627437670399,1550.0240475926864,1024,768,0
945,992,0,171.75011897420825,0.05146330913931214,1835.024557890263,1024,1024,0
945,1440,0,61.76482031104396,0.03582449236202243,1686.6644940465976,1024,1536,0
1465,6,0,6285.737893437769,0.4900434314068789,9589.04033630203,1536,8,0
1505,14,0,1437.3417655884482,0.1363776730480942,2938.5598955964983,1536,16,0
1505,28,0,1114.2148316176701,0.11466533906806128,2508.4296099375993,1536,32,0
1465,32,0,1266.3494218892904,0.12855781762454227,2671.7206718661164,1536,40,0
1465,56,0,1052.63178824129,0.11057858241525646,2425.1636989423932,1536,64,0
1465,80,0,1120.1713145867866,0.11979331686940126,2586.0864413351683,1536,80,0
1465,88,0,383.24145881688014,0.06430956398909006,1489.9713319758062,1536,96,0
1505,88,0,589.7076271693356,0.07687209651631322,1847.787791651236,1536,108,0
1465,128,0,538.9677883739946,0.07758526960891539,1794.1653362349593,1536,128,0
1465,152,0,207.57234773192022,0.05357458721826459,1301.151593639584,1536,160,0
1505,244,0,92.83007985041729,0.04471307222705627,1237.887201780739,1536,256,0
1465,464,0,259.17203572910944,0.05753263955657961,1785.6363345677132,1536,512,0
1465,720,0,61.41253202275568,0.04040198391041995,1515.6822739548415,1536,768,0
1465,944,0,65.67351758284572,0.03750531209969217,1622.942732472753,1536,1024,0
1505,1480,0,61.46757706780072,0.024917260062122044,1467.0319214555034,1536,1536,0
1945,6,0,5026.827251840561,0.39828609601349635,10386.716724929487,2048,8,0
1945,14,0,1963.0464464584443,0.17523258917693904,4761.898232022068,2048,16,0
1985,24,0,1027.765735624572,0.1080540076054813,3110.099645914064,2048,32,0
1985,26,0,880.223397263544,0.09640578447670345,2832.629504173381,2048,40,0
2025,60,0,452.04104332923635,0.06928739258782787,2106.5368490929072,2048,64,0
2025,72,0,469.42365134311194,0.07191366074161011,2160.556602808489,2048,80,0
1985,76,0,273.56070924445726,0.05713129995301446,1737.085176562706,2048,96,0
1945,92,0,566.9776867662931,0.07977447871297119,2304.4178716386573,2048,108,0
1985,104,0,135.02246296551846,0.04069027395004445,1407.6852607430696,2048,128,0
1985,144,0,169.10944587022493,0.05027180215786244,1607.6865660235505,2048,160,0
1945,228,0,74.77397741162665,0.039228840177058404,1335.290910727921,2048,256,0
1985,440,0,73.98294557789009,0.03607591875691174,1441.421019762709,2048,512,0
1945,720,0,62.02505892274435,0.029003115197674158,1340.7222826970162,2048,768,0
1985,1000,0,62.150876168561595,0.025178786900483533,1374.4174783410979,2048,1024,0
2025,1480,0,61.53834926857292,0.023302614459484682,1573.9491707006664,2048,1536,0
0,0,8,25575.53522043757,1.8962766559671445,328.0667080961509,0,0,8
0,0,13,24688.828550842674,1.8316764068259204,515.0491414854957,0,0,16
0,0,27,20704.26667186126,1.5432321018464046,901.1704802197314,0,0,32
0,0,33,12599.6611634432,0.9563070058342388,682.4224821500134,0,0,40
0,0,59,4571.635070777853,0.3697987088063082,478.0314683755662,0,0,64
0,0,75,4443.95798046904,0.36152762068439115,592.6650627051122,0,0,80
0,0,81,4016.01173971154,0.32712728998161184,585.7718897693944,0,0,96
0,0,93,2411.472677207421,0.21023723821502469,438.7715690691212,0,0,108
0,0,105,11486.990389215314,0.875596458140955,1988.309919025919,0,0,128
0,0,145,2954.497939803952,0.2531575875601961,807.4634486587977,0,0,160
0,0,249,2013.4150113867831,0.18595588747219421,1019.493195941984,0,0,256
0,0,489,555.7759905991234,0.07974196557708745,885.4399863979884,0,0,512
0,0,745,616.8372671807474,0.08402768656323789,1420.2518970111291,0,0,768
0,0,945,549.8422202349416,0.07971798995258088,1702.3414070578308,0,0,1024
0,0,1465,73.16179211022381,0.04498529794466625,1545.0185065249823,0,0,1536
9,0,6,14906.47834176641,1.1182607209573692,277.5659623176187,8,0,8
11,0,12,12310.556284635306,0.9306871649574989,376.844792885966,8,0,16
9,0,24,23059.67309386535,1.7138365785930394,1090.7109296271924,8,0,32
10,0,4,23050.50309386535,1.7113747699441724,371.5756819413956,8,0,40
8,0,62,29183.502043955836,2.163722175461687,3118.0017362016874,8,0,64
9,0,68,25560.76813230949,1.8987642434752536,3009.3603608200015,8,0,80
10,0,80,23953.382622436722,1.7816981241129253,3309.250346779527,8,0,96
9,0,100,20141.47037825835,1.5046226994014056,3425.7995241423378,8,0,108
11,0,116,29218.905155293472,2.1671924498019433,5728.874322668661,8,0,128
10,0,140,3590.2465723206133,0.29928817430241395,958.6352991564602,8,0,160
10,0,208,28556.777084541784,2.119415404810927,9776.591320636686,8,0,256
8,0,52,5806.079429073542,0.45900838698732904,570.2834265081913,8,0,512
9,0,720,14837.311105042632,1.1201810360828661,17544.50407088095,8,0,768
7,0,1000,23349.28189377738,1.739751032306233,37678.87299721564,8,0,1024
11,0,172,30154.10259441455,2.2359063606078764,8606.706467172437,8,0,1536
19,0,6,13966.390902645331,1.0500740831645403,398.3098667934462,16,0,8
18,0,12,9731.609429503178,0.7412935928370927,369.8716175762138,16,0,16
17,0,28,24616.58069318841,1.831337237359105,1511.0335519818343,16,0,32
20,0,36,28818.76505222404,2.1375280523583413,2214.9061332652227,16,0,40
17,0,58,13050.95534559372,0.9876706730699119,1459.5904810072043,16,0,64
21,0,76,14977.111649801825,1.1282117133623004,2163.660808157473,16,0,80
21,0,88,28809.595052224042,2.1377136615389074,4637.893139735731,16,0,96
19,0,100,21092.10254861674,1.575130067154023,3787.682128350134,16,0,108
23,0,80,4103.770539913503,0.3366851741640411,691.7155899528357,16,0,128
16,0,152,10498.996134088638,0.7988349452569655,2810.7591098683138,16,0,160
21,0,240,9938.739666236252,0.7632043544317262,4171.584451218517,16,0,256
15,0,480,10141.344717770966,0.7776878186019447,8229.660277932187,16,0,512
15,0,712,6579.940645769833,0.5183449303752893,8110.700284816462,16,0,768
17,0,1000,10559.09772541347,0.8083807464370435,17661.75194996135,16,0,1024
15,0,1440,4411.72461911207,0.36051405954642846,11377.450172820916,16,0,1536
32,0,8,15647.123086262129,1.174249003386686,694.6547737326296,32,0,8
29,0,12,25548.60213230949,1.895954355021215,1207.774878489006,32,0,16
27,0,24,11700.791803403212,0.8865303620870529,776.1799627947426,32,0,32
27,0,38,7429.931911281592,0.5786938583295717,682.8118768559781,32,0,40
33,0,56,8478.290304404698,0.6563384985612588,1079.4087171937185,32,0,64
31,0,72,10558.34277583742,0.8064706599845465,1585.3525452737008,32,0,80
27,0,80,8374.64188731267,0.6483971622755959,1353.6751513363276,32,0,96
29,0,90,8369.751887312668,0.6472713773369699,1510.4065539135943,32,0,108
33,0,116,8606.834870664312,0.6651188138960279,1960.135143964432,32,0,128
27,0,144,6232.0776727968605,0.4906733310530181,1715.5347036392914,32,0,160
41,0,220,5969.800109256157,0.4724382395850797,2518.788364109819,32,0,256
33,0,496,4351.675038614337,0.35610688071885077,4002.1088220427273,32,0,512
29,0,744,7405.834231614273,0.5789114360417515,9550.871284602144,32,0,768
33,0,960,11050.01692654098,0.8445368224785648,17884.71765172816,32,0,1024
33,0,1480,3309.628164557429,0.28033722395718863,9186.974582015864,32,0,1536
34,0,6,12510.38947404818,0.9440303654549536,544.2268341671555,40,0,8
31,0,12,11249.43248796545,0.8557456105055715,569.6943819491833,40,0,16
41,0,26,7798.8457586403765,0.605107292096636,667.3349557781925,40,0,32
39,0,32,7427.631911281593,0.5778428547320538,698.1363885511225,40,0,40
35,0,56,13083.62725601031,0.990869785669739,1652.8301322232007,40,0,64
37,0,74,6749.702527997527,0.5293608522987026,1108.9067847519823,40,0,80
35,0,80,6866.373619175734,0.5343632354212053,1182.5906215705568,40,0,96
37,0,104,10283.738757639814,0.7861358918393507,2153.650039275638,40,0,108
38,0,110,7215.324942018751,0.5626557107703579,1627.3243268159042,40,0,128
35,0,140,6587.133018154863,0.518355699508992,1813.952516748752,40,0,160
39,0,220,6574.38449902734,0.5164795334577725,2737.02768637893,40,0,256
41,0,480,3100.516601727805,0.26508014214243864,2926.0807106884363,40,0,512
37,0,760,3409.9001158071364,0.28781731314926334,4914.578136378957,40,0,768
40,0,1008,2577.598159117658,0.2264190931557429,5138.105610000827,40,0,1024
37,0,1480,2164.2389312876267,0.19681960983894992,6505.94346244446,40,0,1536
63,0,4,12895.561573946243,0.9718368764822566,887.5580995131978,64,0,8
53,0,12,20266.07707345638,1.5131902153925705,1436.7453291578797,64,0,16
61,0,24,14537.548201123063,1.0933483833603967,1441.262783726928,64,0,32
57,0,28,5552.152901701606,0.4374718066723734,601.0653384962468,64,0,40
57,0,60,6302.353932153402,0.4976502267683606,1020.3979896366777,64,0,64
51,0,64,4203.241057868406,0.3426334906624613,712.9610810229337,64,0,80
57,0,90,5153.201462897947,0.4129907341580544,1120.9154183546166,64,0,96
58,0,84,3582.9896158233014,0.298683869363525,779.6163090646673,64,0,108
61,0,120,3143.3715088743656,0.2679241216815652,919.4136355963094,64,0,128
63,0,152,9008.72722061632,0.6952848356024609,2859.8775117627706,64,0,160
51,0,224,11424.758372288667,0.8710099806535447,4799.081066380407,64,0,256
59,0,480,6359.068384232131,0.5020974670559616,5620.994179908386,64,0,512
57,0,760,2475.027933149886,0.21942667994552859,3826.8722628050327,64,0,768
63,0,992,2588.4441049522466,0.22735626793279906,5144.97968922111,64,0,1024
69,0,1480,1266.175286079325,0.13143450450306787,4448.6508527987635,64,0,1536
77,0,8,6727.316429941287,0.5225507872690673,624.6944329659945,80,0,8
75,0,14,7382.253669241549,0.5751635964012796,740.4870653833076,80,0,16
79,0,24,4438.610463230104,0.36066947101899866,565.3880785351201,80,0,32
85,0,32,6680.465874168748,0.5247343967773972,949.4536440568733,80,0,40
69,0,60,5589.1841507512045,0.4432532558541347,985.1118106612334,80,0,64
67,0,76,5264.543974058907,0.42062173304937445,1069.3670128697859,80,0,80
73,0,88,3709.8549419975443,0.3085926047731701,891.3258892822254,80,0,96
77,0,96,2612.648216613339,0.2277067085724104,716.8132093090275,80,0,108
71,0,120,4656.477625922605,0.37701379716919586,1340.6938211450376,80,0,128
65,0,144,2988.4194434846613,0.25518665388037065,1029.836508952948,80,0,160
77,0,240,10324.805553997845,0.7916376459522083,4902.2030255355885,80,0,256
71,0,448,4539.465715551479,0.3696750386119935,3951.849399036766,80,0,512
69,0,760,5452.157690955843,0.4366328178603438,7600.501366892046,80,0,768
65,0,1008,5296.862101071356,0.42530276239435066,9674.326442327654,80,0,1024
65,0,1480,1600.2808987019534,0.15585190200333823,5236.790776738354,80,0,1536
93,0,6,12493.85347404818,0.9431341555424171,1273.1590194599512,96,0,8
89,0,14,4267.3104583865725,0.34379788181219956,515.8808273616612,96,0,16
93,0,36,2882.292901455484,0.24406738293588254,502.26271281992933,96,0,32
83,0,32,5738.203876323625,0.45475598587458155,814.6000470826151,96,0,40
93,0,56,3145.7756783832588,0.26582796903481887,657.6333499348208,96,0,64
111,0,72,3201.200360601524,0.27143311467477993,827.2679051455784,96,0,80
93,0,88,4094.8045399135026,0.33603363292136085,1059.6173846584775,96,0,96
89,0,104,3180.4942294563543,0.26582739961163715,933.7400691842809,96,0,108
85,0,116,4072.553057300708,0.3347936088403716,1224.2608182689778,96,0,128
109,0,120,2712.8977962226527,0.2363357623905477,963.8692088232239,96,0,160
93,0,240,3802.530797546554,0.316039649056549,2042.0405349286764,96,0,256
87,0,480,1422.812970399821,0.14309760999482607,1687.3631528085175,96,0,512
93,0,680,1335.994098891099,0.1367187927270763,2232.523861704585,96,0,768
69,0,1000,3608.899279993546,0.30223217169798194,6868.222141736135,96,0,1024
89,0,1480,1546.0654324162729,0.15193087085415738,5156.399104809521,96,0,1536
93,0,6,12242.876645681767,0.9245595493492772,1248.755705848457,108,0,8
101,0,14,2970.6555688572976,0.24904219410237097,418.9172461284911,108,0,16
101,0,24,7671.779261145395,0.5958128175895132,1100.0547330738802,108,0,32
95,0,36,6615.554870023732,0.5149261776238601,1054.3529121742456,108,0,40
101,0,56,5522.448106941809,0.43663178686213383,1121.1563027834218,108,0,64
93,0,72,4710.583586151838,0.3816822742903651,1065.4800868349303,108,0,80
109,0,80,2033.6004377020527,0.18627738569203411,601.1924554732075,108,0,96
105,0,92,3291.6084609375416,0.277241751201036,946.8283385461039,108,0,108
89,0,104,3420.805068474684,0.28760641180723723,993.0941763013749,108,0,128
97,0,144,6682.847697240964,0.5238580671769172,2310.2002100948034,108,0,160
101,0,230,2039.4519207700955,0.18619132304244,1202.8568947820606,108,0,256
81,0,480,4125.785539352458,0.3397956421451177,3915.313319353511,108,0,512
103,0,760,1018.6371346036149,0.11354182543010027,2084.7147050842,108,0,768
105,0,960,1066.1178413352668,0.11709370106848795,2671.0645859673214,108,0,1024
89,0,1520,2338.8345861341936,0.20973049004800157,7245.370134937617,108,0,1536
101,0,8,11184.981829011127,0.8488756157137541,1271.8614278353896,128,0,8
113,0,22,4278.23495132835,0.3447120160295626,688.7525725169926,128,0,16
107,0,24,3994.4385849146593,0.32499940416310946,637.0444344572225,128,0,32
121,0,34,3682.3202035397553,0.3056159677058136,717.4789594352885,128,0,40
123,0,60,2248.249622019216,0.1978053666782714,598.6071288943718,128,0,64
117,0,72,2024.7379551866543,0.18523010357991138,586.1039853931799,128,0,80
125,0,80,2777.156759249227,0.24005323113425278,821.9624312372703,128,0,96
123,0,90,2425.7397690846365,0.2144102765809232,778.1194106162657,128,0,108
123,0,120,2101.7404900421243,0.1917090523833664,821.7793990544795,128,0,128
121,0,152,2138.814256224737,0.19270843886236272,965.1885751631108,128,0,160
97,0,208,8309.70149618385,0.6440464668954109,3719.6023812901753,128,0,256
121,0,480,3210.3492816334556,0.2733363687916988,3300.8209082505814,128,0,512
119,0,728,1148.2405500203836,0.12286102478386855,2190.4094349105394,128,0,768
125,0,960,981.8379422470848,0.11095085128071959,2565.829022210452,128,0,1024
125,0,1480,642.1317028895305,0.08623906565265736,3026.7299233576496,128,0,1536
137,0,8,10497.60229419243,0.7991058111245685,1574.9963789302212,160,0,8
137,0,16,4094.1401373702247,0.33236249107678034,725.0360227731499,160,0,16
157,0,24,4000.2461477776624,0.32808268204470087,855.0835311796945,160,0,32
153,0,36,4323.663280086288,0.3492820456369579,989.1639529693351,160,0,40
149,0,56,2812.685363027533,0.24282831114848857,779.6469305467677,160,0,64
155,0,76,3304.8669162136525,0.2752978696494987,1036.5686166140042,160,0,80
137,0,64,4023.793190006827,0.3276920221559396,1061.8797938250123,160,0,96
145,0,100,1282.623262329315,0.12984126618964478,552.759107856135,160,0,108
153,0,120,2314.4063599325764,0.2054813957760487,969.0401146775816,160,0,128
153,0,144,2411.5918853003877,0.21414331563187147,1114.5901567496735,160,0,160
153,0,244,3313.164222989626,0.2800709618132948,2061.3244738635017,160,0,256
153,0,504,1116.3398750067054,0.12063514625675073,1603.2330772437633,160,0,512
137,0,736,1963.5253667271818,0.18206452205444612,3287.607348366867,160,0,768
137,0,960,946.7910163101303,0.10834539020659753,2526.511259474119,160,0,1024
157,0,1440,775.5392375608676,0.09586931303828392,3307.1784213289816,160,0,1536
253,0,6,10761.90636079114,0.8179919115615397,2821.666323000475,256,0,8
233,0,10,12208.222930984879,0.922608106182816,3019.1827720093797,256,0,16
217,0,28,2520.148114739985,0.21975516009254162,776.3275192596942,256,0,32
241,0,24,4995.66111162165,0.39836064418476425,1484.031500814413,256,0,40
245,0,56,2364.810814223185,0.210396405225612,946.1370155033787,256,0,64
219,0,70,2244.077703269146,0.20122507703901993,900.1505930846847,256,0,80
249,0,84,1616.5823386541588,0.15598245016508536,812.9685157403903,256,0,96
245,0,96,2414.512153396117,0.21266349249022137,1150.9072455871553,256,0,108
249,0,116,955.0403357059251,0.10798066624451998,648.2963159558002,256,0,128
249,0,144,1738.5928409582875,0.16468196161292428,1077.5456280188803,256,0,160
251,0,240,917.5391075106202,0.1055778790696384,930.3357806322052,256,0,256
249,0,480,1236.237227444672,0.12945065055636473,1812.6721830257986,256,0,512
249,0,744,1035.995472367113,0.11487819576883183,2291.6479245094397,256,0,768
233,0,1000,400.9472453567091,0.06859921330160394,1788.4146865509513,256,0,1024
217,0,1480,350.78022063199137,0.06495539052160197,2399.3995290115668,256,0,1536
457,0,6,12002.164286097308,0.9073664446300685,5557.694474216536,512,0,8
465,0,12,4385.931078054931,0.3534856192883755,2283.3902360465568,512,0,16
489,0,28,2163.6816320565686,0.19194814567418983,1397.5938013310067,512,0,32
497,0,32,1459.6059239303509,0.14066408293809485,1070.011046502349,512,0,40
465,0,58,1605.8417166314634,0.15410603310207,1169.1696378718966,512,0,64
505,0,72,1276.3668992977605,0.1305644094220747,1106.5769546003025,512,0,80
497,0,84,809.6046351868902,0.0964783725217079,847.1567234735967,512,0,96
497,0,100,2835.903744062845,0.24437359682274043,2151.066627324678,512,0,108
457,0,120,1415.4834673498926,0.14086138246087404,1248.8159506307418,512,0,128
505,0,148,2780.5510216696475,0.240299821465361,2396.1721258374646,512,0,160
465,0,240,764.7956431037619,0.0946576985598405,1112.5359150700833,512,0,256
501,0,496,478.0924854072232,0.07422787511286591,1347.8671616722906,512,0,512
485,0,720,252.45970848535285,0.05788546114364589,1352.048456530463,512,0,768
505,0,1000,454.69989978609124,0.07257394831980439,2155.3964340906314,512,0,1024
489,0,1480,58.1768186601682,0.038137769032210604,1616.6578006991224,512,0,1536
753,0,8,10259.390092424193,0.7817434057478749,7858.940609887388,768,0,8
705,0,12,3700.8515432362356,0.30371581469918996,2944.5063282176343,768,0,16
705,0,36,2077.0232840245044,0.18894467390757852,1933.4354498319647,768,0,32
745,0,36,2050.2574084661105,0.18722828921929657,2014.2250777387826,768,0,40
705,0,60,1124.4853138479982,0.11624348927651212,1310.321424305504,768,0,64
745,0,78,705.2299307617045,0.08886836370228027,1077.873379377802,768,0,80
713,0,90,1081.2392525710823,0.11648259890060031,1369.1825668577496,768,0,96
705,0,100,757.9365135330604,0.0929038160142895,1116.9027823809422,768,0,108
713,0,112,552.917544757873,0.07711907541542584,978.6604629651912,768,0,128
737,0,152,847.8917407741869,0.10040112627441908,1352.6043765452366,768,0,160
745,0,224,1229.0478534297474,0.12899436775555412,1928.8122524573764,768,0,256
753,0,480,220.83515968289043,0.05499028616335678,1201.0186444760159,768,0,512
745,0,712,114.1495315229605,0.04780097895645878,1299.093542803828,768,0,768
745,0,960,58.271181594531136,0.043725869733417605,1453.0278096338996,768,0,1024
745,0,1520,58.93172213507168,0.039698330239666894,1862.050295242828,768,0,1536
1001,0,6,7903.758078510718,0.6086487910158856,8119.293727161162,1024,0,8
1001,0,12,3462.6393414679987,0.28635340932249637,3917.151712606317,1024,0,16
985,0,26,3903.59906836559,0.3220485277910537,4373.044735372636,1024,0,32
993,0,32,984.1119008649564,0.10600708417239556,1565.0497543245478,1024,0,40
993,0,48,2178.9872311614,0.1955883248895782,2815.2066980742034,1024,0,64
985,0,70,564.2846338193824,0.07873570403972394,1210.791336692501,1024,0,80
997,0,76,879.209642532225,0.09852242814256172,1568.9647965085414,1024,0,96
945,0,104,683.0807513038712,0.08802452892435995,1354.2061942844825,1024,0,108
969,0,114,540.3145946404443,0.07708412947173944,1247.2380931312298,1024,0,128
985,0,148,337.44950087966276,0.061419514276010924,1089.4517293945175,1024,0,160
945,0,248,424.66750094151166,0.06974774311966223,1312.6332242894414,1024,0,256
945,0,464,466.97574021220703,0.07293398597283567,1727.8960795576552,1024,0,512
945,0,736,135.7188921922301,0.04934418344031471,1504.9620419053529,1024,0,768
969,0,1000,69.70895881882916,0.04456543565774766,1662.106017628531,1024,0,1024
945,0,1440,58.601451864801405,0.039913784971187125,1908.6792043863852,1024,0,1536
1505,0,8,5102.273978764988,0.4058603070846675,8176.617375350645,1536,0,8
1465,0,24,2816.6875046390737,0.23825285649328923,4855.8342447875475,1536,0,16
1505,0,28,1499.5846621004848,0.1467659388727453,3076.4280905019696,1536,0,32
1425,0,32,2420.024479818617,0.2149880606071035,4215.853506344128,1536,0,40
1465,0,56,2529.139193480267,0.22257689351447627,4604.04156822056,1536,0,64
1465,0,72,295.9084794890143,0.0582777550951733,1340.6474032460221,1536,0,80
1465,0,88,557.5840234470068,0.07875817593620021,1761.2383675852107,1536,0,96
1465,0,96,552.9590594359188,0.07851019341780499,1768.6520078309152,1536,0,108
1505,0,120,480.83146693996855,0.07429929115681032,1739.4781536546639,1536,0,128
1473,0,136,397.4747484081164,0.06720036066712501,1600.1822405545804,1536,0,160
1505,0,248,274.3733787394217,0.058582446293215386,1582.547808700007,1536,0,256
1505,0,472,70.0311729474536,0.035076602473647994,1191.2411157072663,1536,0,512
1505,0,680,58.1768186601682,0.038021359363287696,1441.875820660036,1536,0,768
1513,0,1000,58.05100141435096,0.03095302986814343,1446.0610803311022,1536,0,1024
1505,0,1480,58.271181594531136,0.028525594619561445,1681.6873308881661,1536,0,1536
1985,0,8,4040.22347294866,0.32845137808930835,8757.287528341652,2048,0,8
2025,0,14,2285.110476243279,0.20350854917769,5581.053875594207,2048,0,16
2025,0,28,1844.3703254180368,0.1687855766819468,4782.0846256370005,2048,0,32
1985,0,32,664.6678265751991,0.08272398837868146,2434.302891915642,2048,0,40
1985,0,56,687.8418107050386,0.08455337544150134,2527.3323160948294,2048,0,64
1985,0,60,1810.4436829328988,0.17047750667569692,4745.494044005174,2048,0,80
1945,0,80,245.11075180200976,0.05468417796966322,1658.3420480221548,2048,0,96
1945,0,88,327.1478707933611,0.05829636250421468,1830.9419168857382,2048,0,108
1985,0,120,269.03815914927054,0.05733463750361257,1792.5843228362926,2048,0,128
1945,0,130,150.23545491940808,0.048675548274030755,1530.9388052580434,2048,0,160
1945,0,232,125.62335035651131,0.047993491584955854,1596.6696826061382,2048,0,256
2025,0,480,58.32037106678807,0.04105826018304133,1656.3589827232881,2048,0,512
1945,0,688,61.942924533666535,0.031716194785341795,1448.9208814106537,2048,0,768
2025,0,1000,58.04199790103372,0.02524330275813031,1406.9058054377317,2048,0,1024
1945,0,1480,58.1768186601682,0.022245702511236077,1510.0986166671546,2048,0,1536
