num_a100,num_h100,num_h200,ttff_s,tbf_s,cost,num_a100_config,num_h100_config,num_h200_config
0,8,0,7957.670283466337,0.6195676263141348,76.63869164970966,0,8,0
0,16,0,2180.3498751966226,0.1987740105510359,49.799155542410624,0,16,0
0,32,0,648.2718939920137,0.08733552443769031,44.71587318033614,0,32,0
0,40,0,374.3753299544819,0.06739724114364055,43.630361996850695,0,40,0
0,64,0,49.129522842148944,0.03984439851877379,42.68537817234655,0,64,0
0,80,0,48.94972766919822,0.03105773959874373,42.54443371788373,0,80,0
0,96,0,48.8298642205644,0.025306344284975947,42.56033649269468,0,96,0
0,108,0,47.88424747154024,0.022190436956302323,42.597548439701775,0,108,0
0,128,0,47.80659490977213,0.018197459224645485,42.62496760717476,0,128,0
0,160,0,45.471466355554824,0.014046993381264024,42.66358882899484,0,160,0
0,256,0,43.41523306321969,0.007746574328634069,42.90018690800917,0,256,0
0,512,0,41.305596531411204,0.002880350983117081,46.32473151142451,0,512,0
0,768,0,39.81393278967478,0.0015111041931867083,52.053657120083535,0,768,0
0,1024,0,39.46721593268812,0.0011859553440512992,63.893688521921405,0,1024,0
0,1536,0,34.17643560866758,0.0010354575798790227,83.19280717933624,0,1536,0
9,8,0,3546.2514861834234,0.2978005598329667,48.223208257361094,8,8,0
8,16,0,1425.4543209034262,0.14332275682165374,41.09421766632952,8,16,0
8,32,0,483.1958750965907,0.0747057145287132,41.37808242868977,8,32,0
8,40,0,290.7303697662163,0.06069078440506587,42.00288543653136,8,40,0
8,64,0,55.37339525862672,0.03992722118611005,44.64834426097068,8,64,0
8,80,0,51.15891975953417,0.03205299344493897,45.13246266449531,8,80,0
8,96,0,51.101044161448044,0.02721163015213886,46.62288236627966,8,96,0
8,108,0,51.057058706902595,0.024538699050668765,47.79824741580729,8,108,0
8,128,0,51.00329870690259,0.021241100979700167,49.88081207094864,8,128,0
8,160,0,50.94670923321838,0.01770500985249546,53.3322240553784,8,160,0
8,256,0,50.848076171691325,0.012543494538631503,64.42114468013393,8,256,0
8,512,0,48.71545154307929,0.008918410317658314,98.45996418853109,8,512,0
8,768,0,48.685402379501205,0.007692110580421054,132.95577521035455,8,768,0
8,1024,0,43.58032713003342,0.007813939676030232,173.2080171370629,8,1024,0
8,1536,0,43.06134767814213,0.007298828165749656,246.57031138012704,8,1536,0
17,8,0,3165.406035380812,0.2701564499456576,52.747062878959554,16,8,0
16,16,0,1276.54397607584,0.13253215212400257,42.53499679105237,16,16,0
16,32,0,420.5714150909678,0.07034604122557103,41.41252008791349,16,32,0
16,40,0,242.3088297399122,0.05765016327433809,41.72236403311699,16,40,0
16,64,0,50.09605816109362,0.03768572612583836,43.32981845442034,16,64,0
16,80,0,49.987108058335465,0.03113056583884737,44.99568694406472,16,80,0
16,96,0,49.94220482935157,0.026451357159825054,46.331485923641424,16,96,0
16,108,0,49.906562125084406,0.023882710436833623,47.44469159380285,16,108,0
16,128,0,47.368605289974695,0.020782651926993547,49.22575335044687,16,128,0
16,160,0,46.706709233218376,0.017294951543457563,52.216927978752,16,160,0
16,256,0,46.60807617169132,0.012133436229593599,62.07696325508645,16,256,0
16,512,0,44.47545154307929,0.008508352008620412,93.16507397514985,16,512,0
16,768,0,44.4454023795012,0.007282052271383153,124.79343147860094,16,768,0
16,1024,0,39.340327130033415,0.007403881366992331,162.21013275939427,16,1024,0
16,1536,0,38.821347678142125,0.006888769856711756,229.899635733505,16,1536,0
33,8,0,2934.782878804312,0.25358484469961035,66.32627318423093,32,8,0
32,16,0,1186.054162357784,0.1264431053634377,48.97757414110012,32,16,0
32,32,0,368.38910739866014,0.06693413613864375,43.9003062020726,32,32,0
32,40,0,199.6763832158481,0.0546404220401821,43.41354231547371,32,40,0
32,64,0,47.44490199908366,0.03579627410071383,43.70792991727832,32,64,0
32,80,0,45.216165373569254,0.030358505311339667,45.74253329015282,32,80,0
32,96,0,45.07088758618247,0.024418251794444554,44.46200192915961,32,96,0
32,108,0,45.03524488191531,0.021849605071453122,44.96729341319393,32,108,0
32,128,0,44.9909839328693,0.018670745137409326,46.01627118292954,32,128,0
32,160,0,44.94240727018511,0.015234814147704886,47.90326486696438,32,160,0
32,256,0,44.85301456906865,0.010188803338973446,54.67085807476103,32,256,0
32,512,0,42.17537073771015,0.00850734194150632,92.58346220073639,32,512,0
32,768,0,42.145563921566655,0.007284071547201368,123.50488060847358,32,768,0
32,1024,0,37.040487344961434,0.007405884053592551,160.25384559403972,32,1024,0
32,1536,0,36.52147679004224,0.0068903837554631945,226.59557758120994,32,1536,0
41,8,0,2889.474302210661,0.25030160440663135,73.77330253923706,40,8,0
40,16,0,1166.2067430029451,0.12508445305458787,52.63296094148777,40,16,0
40,32,0,354.33954987653624,0.06591605226022898,45.53260030188719,40,32,0
40,40,0,187.93052080308632,0.05397043201027183,44.64939617884156,40,40,0
40,64,0,47.39698492244144,0.035197310642686046,44.29806806239585,40,64,0
40,80,0,45.168519184718285,0.02976292795070258,46.00666757557895,40,80,0
40,96,0,44.37088758618248,0.024418251794444554,45.28222093662713,40,96,0
40,108,0,44.335244881915315,0.021849605071453122,45.694227089448624,40,108,0
40,128,0,44.2909839328693,0.018670745137409326,46.62372309342597,40,128,0
40,160,0,44.24240727018511,0.015234814147704886,48.37343495894897,40,160,0
40,256,0,44.15301456906865,0.010188803338973443,54.90097237281962,40,256,0
40,512,0,42.02336100284671,0.00660085739787645,77.56936059459026,40,512,0
40,768,0,41.993980061705244,0.0053829104410968625,100.97526525003414,40,768,0
40,1024,0,36.888880112275345,0.005504430787179634,130.19288038743846,40,1024,0
40,1536,0,36.37001882686201,0.004990796357873511,181.5218001232198,40,1536,0
65,8,0,2834.019791431225,0.24665258315397012,97.09690960271787,64,8,0
64,16,0,1135.2876462287516,0.1230250982158782,64.08995706738189,64,16,0
64,32,0,331.2020485751307,0.06442058115143147,51.07125901963161,64,32,0
64,40,0,167.54577624031447,0.05253741992909746,48.96942052413207,64,40,0
64,64,0,46.700929119273724,0.0341113361351596,46.666900454358824,64,64,0
64,80,0,45.08686220557733,0.028742215711440637,47.71233959536286,64,80,0
64,96,0,44.197953593989226,0.02224930505450116,44.202607124809184,64,96,0
64,108,0,44.162310889722065,0.01968065833150973,43.96089575214291,64,108,0
64,128,0,44.11804994067605,0.016501798397465933,43.90884390576331,64,128,0
64,160,0,44.06947327799186,0.013065867407761493,44.24974623081929,64,160,0
64,256,0,43.9800805768754,0.008019856599030052,47.066224008117494,64,256,0
64,512,0,41.850427010653455,0.004431910657933057,60.79074481103927,64,512,0
64,768,0,41.821046069511986,0.0032139637011534697,75.49971421295568,64,768,0
64,1024,0,36.715946120082094,0.0033354840472362415,96.11528007319299,64,1024,0
64,1536,0,36.19708483466876,0.0028218496179301163,130.2351775137279,64,1536,0
81,8,0,2806.4840055799573,0.24482886490948208,112.5180591954202,80,8,0
81,16,0,906.0226275037421,0.10631638242227766,63.23203337421962,80,16,0
80,32,0,322.416092473287,0.06382806098771567,54.97599911140791,80,32,0
80,40,0,159.47518109708585,0.051952594194080895,52.06624297076689,80,40,0
80,64,0,45.07241870690259,0.033754955980520425,48.492658688397924,80,64,0
80,80,0,45.05492986479732,0.028343061451690542,49.177796404625724,80,80,0
80,96,0,44.159043445745745,0.0217612920380139,44.98061706765095,80,96,0
80,108,0,44.123400741478584,0.019192645315022468,44.4806756045596,80,108,0
80,128,0,44.07913979243257,0.01601378538097867,44.070227846664444,80,128,0
80,160,0,44.03056312974838,0.012577854391274231,43.945474726698265,80,160,0
80,256,0,43.94117042863192,0.007531843582542788,45.708565492149056,80,256,0
80,512,0,41.811516862409974,0.003943897641445793,57.25891533815175,80,512,0
80,768,0,41.782135921268505,0.0027259506846662074,69.9583352266967,80,768,0
80,1024,0,36.67703597183861,0.002847471030748979,88.62760889113622,80,1024,0
80,1536,0,36.158174686425276,0.002333836601442854,118.85163944613386,80,1536,0
97,8,0,2792.99580258456,0.24385145889532284,128.2081163959938,96,8,0
97,16,0,887.3283713957915,0.10495491842259862,69.5202069596583,96,16,0
96,32,0,316.1924177434877,0.06349301209425195,58.962072039669785,96,32,0
96,40,0,153.65264378949894,0.051646613229763,55.251112708034604,96,40,0
96,64,0,45.044712590579884,0.033408629526486655,50.43060627778771,96,64,0
96,80,0,45.032089751409224,0.028057560034339273,50.77607458949776,96,80,0
96,96,0,44.14391172142883,0.021571509198268852,46.25428243734814,96,96,0
96,108,0,44.10826901716167,0.01900286247527742,45.551395719461006,96,108,0
96,128,0,44.064008068115655,0.015824002541233628,44.874693442765754,96,128,0
96,160,0,44.015431405431464,0.012388071551529186,44.43171110612215,96,160,0
96,256,0,43.926038704315005,0.007342060742797741,45.58369354475978,96,256,0
96,512,0,41.796385138093065,0.0037541148017007473,56.13928226060138,96,512,0
96,768,0,41.767004196951596,0.0025361678449211597,68.00856246253282,96,768,0
96,1024,0,36.661904247521704,0.002657688191003932,85.91095375793248,96,1024,0
96,1536,0,36.14304296210837,0.0021440537616978068,114.59793708090879,96,1536,0
109,8,0,2786.042651249249,0.24339175067121085,140.0222693031877,108,8,0
109,16,0,880.6163097183799,0.10451268046355182,74.48733884808216,108,16,0
108,32,0,312.6587347750859,0.06323694811103443,61.989809396445565,108,32,0
108,40,0,150.38907099865344,0.05141012244781768,57.68824424710758,108,40,0
108,64,0,45.0290600514404,0.03321297278724312,51.94598936630098,108,64,0
108,80,0,45.01886394558068,0.027892237461482467,52.03212514033943,108,80,0
108,96,0,44.133103346916755,0.02143595002702239,47.206239067461965,108,96,0
108,108,0,44.097460642649594,0.01886730330403096,46.35239988201501,108,108,0
108,128,0,44.05319969360358,0.015688443369987162,45.47810083878141,108,128,0
108,160,0,44.00462303091939,0.01225251238028272,44.79979718572849,108,160,0
108,256,0,43.91523032980293,0.007206501571551279,45.50350016755248,108,256,0
108,512,0,41.78557676358099,0.0036185556304542846,55.33982280456321,108,512,0
108,768,0,41.75619582243952,0.0024006086736746974,66.61330301032447,108,768,0
108,1024,0,36.65109587300962,0.00252212901975747,83.96733729773419,108,1024,0
108,1536,0,36.13223458759629,0.0020084945904513454,111.55514473427442,108,1536,0
129,8,0,2764.7999329126455,0.2417963663536381,159.14569016028784,128,8,0
129,16,0,872.6985212884106,0.10405486970775694,82.84338265169889,128,16,0
128,32,0,308.29310739866014,0.0629205983011485,67.09258419984769,128,32,0
128,40,0,146.3127633063458,0.05111473783243307,61.811281529838915,128,40,0
128,64,0,45.009039479434776,0.03296271563717278,54.543622449641205,128,64,0
128,80,0,45.001595608033924,0.027676383242147995,54.19447280288284,128,80,0
128,96,0,44.12165918566867,0.02129241678687908,48.9286374977956,128,96,0
128,108,0,44.08601648140151,0.01872377006388765,47.83848564274814,128,108,0
128,128,0,44.041755532355495,0.015544910129843851,46.66031661583811,128,128,0
128,160,0,43.993178869671304,0.012108979140139408,45.63054350565637,128,160,0
128,256,0,43.903786168554845,0.007062968331407966,45.70931227011772,128,256,0
128,512,0,41.774132602332905,0.0034750223903109723,54.67272000417054,128,512,0
128,768,0,41.74475166119144,0.002257075433531385,65.27906211140841,128,768,0
128,1024,0,36.639651711761545,0.002378595779614157,82.0450299472618,128,1024,0
128,1536,0,36.12079042634821,0.0018649613503080324,108.45260136326233,128,1536,0
161,8,0,2736.9421395463023,0.23981208152233663,189.56612137739288,160,8,0
161,16,0,842.8105166141984,0.10175827694412577,94.88483050233653,160,16,0
160,32,0,303.6884842830822,0.06258692995943996,75.34753762289165,160,32,0
160,40,0,141.95920674525973,0.050799262719310886,68.50756675614565,160,40,0
160,64,0,44.98706220814123,0.0326879997460035,58.82119711181846,160,64,0
160,80,0,44.98216600629862,0.027433513220456725,57.77450441782785,160,80,0
160,96,0,44.1077271632797,0.021117680668443738,51.752976137730464,160,96,0
160,108,0,44.07208445901254,0.018549033945452306,50.294904339110694,160,108,0
160,128,0,44.027823509966524,0.01537017401140851,48.647510551299284,160,128,0
160,160,0,43.97924684728233,0.011934243021704071,47.082533850480765,160,160,0
160,256,0,43.889854146165874,0.006888232212972629,46.24285048946997,160,256,0
160,512,0,41.760200579943934,0.0033002862718756335,54.02677470494507,160,512,0
160,768,0,41.730819638802465,0.0020823393150960464,63.78287618070041,160,768,0
160,1024,0,36.62571968937257,0.002203859661178818,79.82511802021857,160,1024,0
160,1536,0,36.10685840395924,0.0016902252318726936,104.77867245566544,160,1536,0
257,8,0,2696.6456654574768,0.2369978807049791,281.3412354995835,256,8,0
257,16,0,805.887507079289,0.0991876940392522,132.57128667450175,256,16,0
256,32,0,296.6236505296506,0.06212571012223477,100.34214897927379,256,32,0
256,40,0,135.14799697833405,0.05035642143185251,88.85488790144798,256,40,0
256,64,0,44.255107336728486,0.03228856385334404,71.98368764964087,256,64,0
256,80,0,44.253007517221604,0.027069032106994007,68.8484780955486,256,80,0
256,96,0,43.923313341422364,0.01881216447261515,55.43858875158001,256,96,0
256,108,0,43.9152779932234,0.01658860970047611,53.48465081857671,256,108,0
256,128,0,43.90338502770615,0.01381434956054199,51.21072819056966,256,128,0
256,160,0,43.888177636634246,0.010795534465991095,48.99914276216019,256,160,0
256,256,0,43.85066512774707,0.006398026060125657,47.73838731595539,256,256,0
256,512,0,41.74340371740579,0.003089982067536895,54.62610159324655,256,512,0
256,768,0,41.72070271362289,0.0019555343277394633,64.15120635471229,256,768,0
256,1024,0,36.615312374822715,0.0020734248066937356,79.53264536338052,256,1024,0
256,1536,0,36.09803724383521,0.0015796173077104445,103.7299387958733,256,1536,0
513,8,0,2665.7601498604276,0.23480280904099227,527.1934753031633,512,8,0
513,16,0,776.7498971731609,0.09711989132330676,234.57906095195705,512,16,0
512,32,0,290.9089181046338,0.06171159907694371,167.49087660367118,512,32,0
512,40,0,129.5664204390514,0.049951959363788545,143.6921596522514,512,40,0
512,64,0,44.22474577905975,0.031909044382484916,107.88607909258698,512,64,0
512,80,0,44.22424122783228,0.02670945348962743,99.27454811337452,512,80,0
512,96,0,43.81508148624734,0.017459266282927256,73.57186699447779,512,96,0
512,108,0,43.814417554431664,0.015327854215579447,69.39249793964053,512,108,0
512,128,0,43.813229199834964,0.012687401712152135,64.37757168137146,512,128,0
512,160,0,43.811573062231155,0.009837977285952414,59.23068373802953,512,160,0
512,256,0,43.80602903064382,0.0058400748463350045,54.375790296246166,512,256,0
512,512,0,41.72436605968734,0.0028520113460563257,58.646073573071455,512,512,0
512,768,0,41.71481539203794,0.0018819428079275803,68.33948844800895,512,768,0
512,1024,0,36.608695138133236,0.001990709348075279,83.00100353489337,512,1024,0
512,1536,0,36.095797699478645,0.0015516230032534407,107.40256702608563,512,1536,0
769,8,0,2658.3501248211146,0.23426540912037952,773.9215114529974,768,8,0
769,16,0,769.8328983289973,0.09661844486390682,337.62956361563965,768,16,0
768,32,0,289.0753097033977,0.06157872890294109,234.79491067811506,768,32,0
768,40,0,127.75619887714436,0.049820783888288034,198.7097870134105,768,40,0
768,64,0,44.21464566211145,0.031782792920631145,144.0396782875483,768,64,0
768,80,0,44.21443299590542,0.026586850590541646,129.98484671887894,768,80,0
768,96,0,43.797073426005504,0.017234165529904387,94.08920774422232,768,96,0
768,108,0,43.79685164028222,0.015108280288711402,87.66962463948975,768,108,0
768,128,0,43.79641021639936,0.01247716441920708,79.878167402694,768,128,0
768,160,0,43.79580109670357,0.009640827716857654,71.72617321207403,768,160,0
768,256,0,43.793677954159904,0.005685686390286068,62.70872017472893,768,256,0
768,512,0,41.71670193020718,0.0027562097275542967,63.738631548492904,768,512,0
768,768,0,41.711410918641874,0.0018393868904767706,72.83920537290969,768,768,0
768,1024,0,36.604979221647724,0.0019442603920064242,86.9836004048735,768,1024,0
768,1536,0,36.09422304337212,0.001531939801921843,111.2397975377076,768,1536,0
1025,8,0,2653.5506426186103,0.2339153914028067,1020.340594447218,1024,8,0
1025,16,0,765.1230311878546,0.09627502880656341,440.3393937517423,1024,16,0
1024,32,0,288.1723312564311,0.061513295682146404,302.13648993052107,1024,32,0
1024,40,0,126.86124333212831,0.04975593203719992,253.77148875535707,1024,40,0
1024,64,0,44.20960512199693,0.03171978616919967,180.25630683264458,1024,64,0
1024,80,0,44.20949227306098,0.026525091554986162,160.76841831712963,1024,80,0
1024,96,0,43.789652985362075,0.017141410021861543,114.88596234510275,1024,96,0
1024,108,0,43.78954505930269,0.015016948026467298,106.23822401092997,1024,108,0
1024,128,0,43.78930929939032,0.012388402956594017,95.68766972821334,1024,128,0
1024,160,0,43.78899532758335,0.009555755602854878,84.55540092435676,1024,160,0
1024,256,0,43.78788123755407,0.005613227432713137,71.38555128998996,1024,256,0
1024,512,0,41.71255858402073,0.0027044179002236155,69.16294432999786,1024,512,0
1024,768,0,41.70919367324859,0.001811671323060739,77.48795431635615,1024,768,0
1024,1024,0,36.6026000716895,0.0019145210175285728,91.203164445618,1024,1024,0
1024,1536,0,36.093059146257445,0.0015173910879884662,115.17909207457059,1024,1536,0
1537,8,0,2649.5292967208716,0.233623596770776,1513.5856140612386,1536,8,0
1537,16,0,761.28220701643,0.09599630047693553,646.2573837626585,1536,16,0
1536,32,0,287.277490960304,0.06144845218242705,436.8560019936999,1536,32,0
1536,40,0,125.97206695007037,0.04969149896603629,363.93786351836974,1536,40,0
1536,64,0,44.20456585137638,0.03165679528644272,252.7519739423736,1536,64,0
1536,80,0,44.20452189557526,0.026462961836414688,222.40909396994613,1536,80,0
1536,96,0,43.783060674019914,0.017059006130084486,156.69760037523142,1536,96,0
1536,108,0,43.783020049111066,0.014935385399071965,143.60565344364693,1536,108,0
1536,128,0,43.7829148051538,0.012308471778637581,127.5552832052621,1536,128,0
1536,160,0,43.7827830278753,0.009478101856504198,110.48920505859168,1536,160,0
1536,256,0,43.78232230446356,0.005543740769081808,89.05625294990074,1536,256,0
1536,512,0,41.708189131135434,0.002649799739157421,80.381058394908,1536,512,0
1536,768,0,41.70647859681178,0.0017777328676005515,87.00124303863414,1536,768,0
1536,1024,0,36.59973099217018,0.00187865752353708,99.97728151668122,1536,1024,0
1536,1536,0,36.09144922286044,0.0014972670455258652,123.2354819183463,1536,1536,0
2049,8,0,2647.8848110707504,0.23350409075595696,2007.075528512435,2048,8,0
2049,16,0,759.4947832735977,0.09586611687088842,852.2937142550044,2048,16,0
2048,32,0,286.83325544838965,0.061416261203302826,571.5935942450021,2048,32,0
2048,40,0,125.5297949805539,0.049659450272593074,474.1256595776255,2048,40,0
2048,64,0,44.202047641467935,0.03162531766258718,325.2789476720839,2048,64,0
2048,80,0,44.20202644516717,0.026431768706313585,284.08692561902,2048,80,0
2048,96,0,43.78003264371198,0.01702115575123532,198.60346692530422,2048,96,0
2048,108,0,43.780012189261996,0.014897787150958585,181.0731723560075,2048,108,0
2048,128,0,43.779950051440494,0.012271412357221274,159.53208314957234,2048,128,0
2048,160,0,43.77987598945533,0.00944176387625458,136.54603798063067,2048,160,0
2048,256,0,43.779627230062154,0.0055100523390641774,106.87738990963663,2048,256,0
2048,512,0,41.70591353384053,0.002621354772971133,91.79664888432742,2048,512,0
2048,768,0,41.70487906871467,0.0017577387663866117,96.65456245931234,2048,768,0
2048,1024,0,36.59806270469362,0.0018578039300800608,108.96429747162139,2048,1024,0
2048,1536,0,36.09038933107283,0.0014840183981807604,131.42824719855327,2048,1536,0
0,0,8,7472.941224720153,0.5843378197631628,75.70624881848677,0,0,8
0,0,16,2026.6661164595848,0.18781240127622523,49.264582273153096,0,0,16
0,0,32,578.3643189725162,0.08246848422769401,44.20175489834683,0,0,32
0,0,40,320.07103500000903,0.06366620872654143,43.14110853000042,0,0,40
0,0,64,46.043062261488586,0.03763671438849651,42.19390697056725,0,0,64
0,0,80,45.872331640075416,0.029338987772781263,42.05025975966037,0,0,80
0,0,96,45.758511225799964,0.023907058628255026,42.06083628413431,0,0,96
0,0,108,44.849062781740784,0.02096474188913914,42.09264170199239,0,0,108
0,0,128,44.775328066136616,0.017192888313348653,42.11173721460203,0,0,128
0,0,160,42.69449031770034,0.013271632117269488,42.15897840529827,0,0,160
0,0,256,40.82734501690545,0.007323377241760857,42.40378459489477,0,0,256
0,0,512,38.87185287100053,0.002728282352187969,45.795897181232654,0,0,512
0,0,768,37.47875551824836,0.0014313521223435187,51.42044714822445,0,0,768
0,0,1024,37.149306933545084,0.0011225230546002291,63.07907245056743,0,0,1024
0,0,1536,32.168089761654166,0.0009795731044910424,82.11842313695776,0,0,1536
9,0,8,3338.5294281556967,0.28284117804042236,47.4702199687988,8,0,8
8,0,16,1321.6931151532463,0.13593660003245409,40.61178116690527,8,0,16
8,0,32,449.36247383945124,0.07242020557642498,41.857903123151445,8,0,32
8,0,40,258.2199670751968,0.058669051075682654,42.281637044571355,8,0,40
8,0,64,48.91019403709642,0.03704210290943078,43.12169527687727,8,0,64
8,0,80,48.76628997313905,0.03034310665334907,44.71942127252047,8,0,80
8,0,96,48.7113447850826,0.025773164726119298,46.23094225161531,8,0,96
8,0,108,48.669586442159705,0.02325110170294985,47.42186598412645,8,0,108
8,0,128,48.61854846747616,0.020137571075289556,49.52289813361464,8,0,128
8,0,160,48.564824283598746,0.016798053356294793,52.99787982865088,8,0,160
8,0,256,48.47118530113635,0.01192708256905921,64.15643398135524,8,0,256
8,0,512,46.44476049222504,0.008502678565845991,98.27772122044139,8,0,512
8,0,768,46.416097180212695,0.007361599980250916,133.0653607432231,8,0,768
8,0,1024,41.61147131494726,0.0074602904582925615,173.15349654409957,8,0,1024
8,0,1536,41.118334130427485,0.006972621840521187,246.60706006289166,8,0,1536
17,0,8,2973.3170472778415,0.2563291493756266,51.56495016835663,16,0,8
16,0,16,1182.3706569427015,0.12584075411442486,41.905514556563965,16,0,16
16,0,32,392.97063173418815,0.06880203642906679,41.96955870129835,16,0,32
16,0,40,198.06278343712495,0.05459968994248905,41.2155090823973,16,0,40
16,0,64,47.703395838006294,0.03568234407969646,42.86182027189057,16,0,64
16,0,80,47.59983767053751,0.029487671529722002,44.55388542561346,16,0,80
16,0,96,47.55698359405844,0.02506886849720935,45.918818084118186,16,0,96
16,0,108,45.02978968946479,0.02272886095315567,46.876825844122706,16,0,108
16,0,128,44.98532874331217,0.01969754318213181,48.79847416209446,16,0,128
16,0,160,44.324824283598744,0.01638799504725689,51.764019527484656,16,0,160
16,0,256,44.23118530113635,0.01151702426002131,61.65319093961975,16,0,256
16,0,512,42.20476049222505,0.008092620256808089,92.697268100763,16,0,512
16,0,768,42.1760971802127,0.006951541671213013,124.4869369572962,16,0,768
16,0,1024,37.37147131494726,0.007050232149254661,161.60619103821267,16,0,1024
16,0,1536,36.87833413042748,0.006562563531483286,229.12131876330753,16,0,1536
33,0,8,2743.282009408874,0.23980045019319837,64.14458010829746,32,0,8
32,0,16,1091.227263408879,0.11970435660267831,47.80535731235764,32,0,16
32,0,32,347.13785267780145,0.06556038704039466,44.536526583693956,32,0,32
32,0,40,157.80553817661064,0.051762064741923616,42.740232353160835,32,0,40
32,0,64,45.063616801734064,0.03393510612629356,43.167223331965516,32,0,64
32,0,80,42.83274790703553,0.028763772518017254,45.18596652129936,32,0,80
32,0,96,42.6931979783774,0.023130225178760774,43.94086803935369,32,0,96
32,0,108,42.65835075615517,0.020694551164349807,44.45220012172415,32,0,108
32,0,128,42.615714154847986,0.01768603770389395,45.51611838727377,32,0,128
32,0,160,42.56893146894343,0.014433288709559988,47.412989131966576,32,0,160
32,0,256,42.484114645044066,0.00967259490436222,54.239479340503884,32,0,256
32,0,512,39.90471626958904,0.008092067473857925,92.01905268559098,32,0,512
32,0,768,39.8762588969714,0.006953563130696694,123.07395996338497,32,0,768
32,0,1024,35.07163634085604,0.00705229497311453,159.4956620636551,32,0,1024
32,0,1536,34.578458923713725,0.006564123447561305,225.60074052690675,32,0,1536
41,0,8,2698.204675686846,0.23682383180754418,71.12211915932495,40,0,8
40,0,16,1071.5425449039187,0.11835749421048634,51.22349265383342,40,0,16
40,0,32,334.8822140126691,0.06467229728205175,46.18318137222586,40,0,32
40,0,40,146.44945807309114,0.05112031980688597,43.8746403689628,40,0,40
40,0,64,45.01813187538462,0.03336654454692551,43.69952573965647,40,0,64
40,0,80,42.13274790703554,0.028763772518017258,46.15221035759721,40,0,80
40,0,96,41.9931979783774,0.02313022517876078,44.709867327245135,40,0,96
40,0,108,41.95835075615518,0.020694551164349807,45.13181061999572,40,0,108
40,0,128,41.91571415484799,0.01768603770389395,46.08106932517139,40,0,128
40,0,160,41.86893146894344,0.014433288709559988,47.845456261396784,40,0,160
40,0,256,41.78411464504407,0.009672594904362217,54.43766281806876,40,0,256
40,0,512,39.760281233804484,0.00628058337204557,77.07748500581427,40,0,512
40,0,768,39.73222345192709,0.00514707391313734,100.65643628425367,40,0,768
40,0,1024,34.92757724927083,0.00524551017379386,129.58405405014224,40,0,1024
40,0,1536,34.434540230091,0.004759093622771741,180.75160810761463,40,0,1536
65,0,8,2621.463904335537,0.23133102660218546,92.44706554358453,64,0,8
64,0,16,1040.7584312741626,0.11630792075905474,61.98420740369059,64,0,16
64,0,32,313.7704117547149,0.06336775928093663,51.65848727786655,64,0,32
64,0,40,126.65470476745293,0.049730060715358966,47.89461898533922,64,0,40
64,0,64,44.32635053882253,0.03233400087196941,45.888877810433144,64,0,64
64,0,80,42.03113637183622,0.027493628328025745,47.29069128124901,64,0,80
64,0,96,41.82887156045621,0.021069235063882443,43.531572393124144,64,0,96
64,0,108,41.79402433823398,0.018633561049471472,43.31481769184549,64,0,108
64,0,128,41.751387736926795,0.015625047589015607,43.30254500728322,64,0,128
64,0,160,41.70460505102224,0.01237229859468165,43.681396184320576,64,0,160
64,0,256,41.619788227122875,0.007611604789483882,46.60649878403927,64,0,256
64,0,512,39.595954815883296,0.004219593257167232,60.36504904917161,64,0,512
64,0,768,39.5678970340059,0.0030860837982590026,75.29800303007707,64,0,768
64,0,1024,34.763250831349644,0.003184520058915522,95.66612020730678,64,0,1024
64,0,1536,34.270213812169814,0.0026981035078934034,129.71282932989917,64,0,1536
81,0,8,2603.906300845971,0.23023989591453578,107.17956550302232,80,0,8
80,0,16,1030.337578072205,0.11559692979098285,69.34369165400445,80,0,16
80,0,32,305.46227535638866,0.0627657204114927,55.494776787398216,80,0,32
80,0,40,118.77796202916409,0.04915928225606268,50.793642650060924,80,0,40
80,0,64,42.69887127992433,0.031990510135741945,47.58293662981962,80,0,64
80,0,80,41.99432521332719,0.02703348884666285,48.53795912628165,80,0,80
80,0,96,41.791898116423944,0.020605512288034818,44.23289104063283,80,0,96
80,0,108,41.75705089420172,0.01816983827362385,43.767035977784616,80,0,108
80,0,128,41.71441429289453,0.015161324813167985,43.40823953525806,80,0,128
80,0,160,41.66763160698998,0.011908575818834024,43.33459567581434,80,0,160
80,0,256,41.58281478309061,0.007147882013636256,45.22854871316363,80,0,256
80,0,512,39.55898137185103,0.003755870481319605,56.835814787041365,80,0,512
80,0,768,39.53092358997364,0.0026223610224113767,69.77433432674505,80,0,768
80,0,1024,34.72627738731738,0.002720797283067896,88.20568153535639,80,0,1024
80,0,1536,34.23324036813755,0.0022343807320457775,118.3776215490038,80,0,1536
97,0,8,2580.6911670579266,0.22854631924660407,121.5289083413383,96,0,8
96,0,16,1023.1053112482821,0.11518879451388699,76.75484671858544,96,0,16
96,0,32,299.53879438447143,0.06245242468889,59.40953993134775,96,0,32
96,0,40,113.03882464226115,0.048859344764258114,53.77897268524076,96,0,40
96,0,64,42.671944195031784,0.03165392157458507,49.39224592453909,96,0,64
96,0,80,41.9686182760096,0.026712152130193057,49.95911639209843,96,0,80
96,0,96,41.777519554855836,0.020425175652982967,45.425008456744195,96,0,96
96,0,108,41.74267233263361,0.017989501638571992,44.76506288078726,96,0,108
96,0,128,41.70003573132642,0.01498098817811613,44.15142576106446,96,0,128
96,0,160,41.65325304542187,0.01172823918378217,43.77197979436854,96,0,160
96,0,256,41.568436221522504,0.006967545378584403,45.07486205703509,96,0,256
96,0,512,39.544602810282925,0.003575533846267752,55.70438737348923,96,0,512
96,0,768,39.51654502840553,0.0024420243873595235,67.82201590582214,96,0,768
96,0,1024,34.71189882574927,0.0025404606480160428,85.4901365796461,96,0,1024
96,0,1536,34.21886180656944,0.002054044096993923,114.13439435201053,96,0,1536
109,0,8,2571.2927601289257,0.22786527526624167,132.4807550543859,108,0,8
108,0,16,1018.9041941910934,0.11488436574162696,82.33027218680704,108,0,16
108,0,32,296.20811274684627,0.0622110709470331,62.38604251509991,108,0,32
108,0,40,109.83118096856344,0.04862690681688872,56.06877628339464,108,0,40
108,0,64,42.65666673688859,0.03146295334779511,50.81111084302593,108,0,64
108,0,80,41.95395036024255,0.02652880318310486,51.09745682375029,108,0,80
108,0,96,41.76724915373576,0.02029636377080307,46.31641831422795,108,0,96
108,0,108,41.732401931513536,0.017860689756392094,45.51215507726812,108,0,108
108,0,128,41.68976533020635,0.014852176295936236,44.70947115602923,108,0,128
108,0,160,41.642982644301796,0.011599427301602277,44.10400753910392,108,0,160
108,0,256,41.55816582040243,0.006838733496404508,44.97358851138763,108,0,256
108,0,512,39.53433240916285,0.003446721964087855,54.89647970145206,108,0,512
108,0,768,39.50627462728546,0.0023132125051796267,66.42511141993486,108,0,768
108,0,1024,34.7016284246292,0.002411648765836146,83.54748363434628,108,0,1024
108,0,1536,34.20859140544937,0.0019252322148140277,111.09932260910446,108,0,1536
129,0,8,2560.807157851943,0.22714959233621146,150.83196156871813,128,0,8
128,0,16,1013.8331858513573,0.1145169013691823,91.66572495635711,128,0,16
128,0,32,292.0612773038083,0.06191057562507383,67.40018539628774,128,0,32
128,0,40,105.8142411342966,0.04833582422020271,59.947156213672926,128,0,40
128,0,64,42.63705705251188,0.031217832293086202,53.2482623019172,128,0,64
128,0,80,41.93503456124095,0.026292355695584888,53.080347326846145,128,0,80
128,0,96,41.75637461137333,0.020159974719083176,47.93662042850555,128,0,96
128,0,108,41.721527389151106,0.017724300704672204,46.907026556026516,128,0,108
128,0,128,41.67889078784392,0.014715787244216343,45.81459596473683,128,0,128
128,0,160,41.632108101939366,0.011463038249882386,44.87296639605748,128,0,160
128,0,256,41.54729127804,0.006702344444684616,45.14196894692139,128,0,256
128,0,512,39.52345786680042,0.0033103329123679664,54.211377648696036,128,0,512
128,0,768,39.49540008492303,0.0021768234534597372,65.08258906645506,128,0,768
128,0,1024,34.69075388226677,0.002275259714116257,81.61962157087194,128,0,1024
128,0,1536,34.19771686308694,0.0017888431630941378,107.99924466100582,128,0,1536
161,0,8,2546.382444139002,0.2260975308687775,180.06921526832184,160,0,8
160,0,16,1008.6222024488638,0.114139293876248,106.66952560238688,160,0,16
160,0,32,287.64861907596026,0.061590817782476145,75.5093091960617,160,0,32
160,0,40,101.51117008022254,0.048024007477153866,66.2538327297988,160,0,40
160,0,64,42.6154374143638,0.03094758681623524,57.27033929308092,160,0,64
160,0,80,41.91416645865305,0.02603150441323616,56.40138552383311,160,0,80
160,0,96,41.743136038062545,0.019993935873511136,50.59768401217478,160,0,96
160,0,108,41.70828881584032,0.017558261859100165,49.21769081363016,160,0,108
160,0,128,41.66565221453313,0.014549748398644301,47.678548368201156,160,0,128
160,0,160,41.61886952862858,0.011296999404310344,46.22606578542243,160,0,160
160,0,256,41.53405270472921,0.006536305599112575,45.61518038813597,160,0,256
160,0,512,39.510219293489634,0.003144294066795924,53.53511717830379,160,0,512
160,0,768,39.48216151161224,0.0020107846078876953,63.57055618456163,160,0,768
160,0,1024,34.67751530895598,0.0021092208685442155,79.38714522264412,160,0,1024
160,0,1536,34.18447828977615,0.0016228043175220965,104.3234230366928,160,0,1536
257,0,8,2505.611451687304,0.22324697785212977,266.34931547457086,256,0,8
256,0,16,1000.9418160359805,0.11363346877386514,151.84043712981256,256,0,16
256,0,32,280.782538327265,0.06114400033691852,100.05689635397731,256,0,32
256,0,40,94.74819651439725,0.04758466156658682,85.43858932245944,256,0,40
256,0,64,41.88384377850282,0.03055266636797296,69.67225998133831,256,0,64
256,0,80,41.88142039307151,0.025622178593466823,66.82855512346478,256,0,80
256,0,96,41.569692868350764,0.017825569922935172,53.97170479215887,256,0,96
256,0,108,41.56177090730807,0.015726461673268417,52.15769363141706,256,0,108
256,0,128,41.54995788749232,0.013103242981455423,50.04928825357746,256,0,128
256,0,160,41.53484406975163,0.010246354839169748,48.01356382984304,256,0,160
256,0,256,41.49775302753423,0.0060822333049966384,47.00190635465572,256,0,256
256,0,512,39.49460272013797,0.0029487605707214076,54.0686005053613,256,0,512
256,0,768,39.4726512626432,0.0018915801665960422,63.878190269633464,256,0,768
256,0,1024,34.667721040836604,0.001986466187873307,79.04004029406775,256,0,1024
256,0,1536,34.176124610477565,0.001518056997111118,103.2214783900532,256,0,1536
513,0,8,2475.708793412891,0.221123740075295,497.8120118494137,512,0,8
512,0,16,994.8843130774569,0.11319451928411706,272.6188919153733,512,0,16
512,0,32,275.1793152784919,0.06073796968121032,166.01179189371572,512,0,32
512,0,40,89.18744683913917,0.04718170869156812,137.19424775077798,512,0,40
512,0,64,41.85363535870122,0.030175061120452953,103.57036367719495,512,0,64
512,0,80,41.85297933452281,0.025266665361608112,95.55659332809246,512,0,80
512,0,96,41.46459676057738,0.016511868575767915,70.94454553961751,512,0,96
512,0,108,41.4639777036149,0.014504046627103731,67.03476433839361,512,0,108
512,0,128,41.46280050546285,0.012013775706087092,62.345967187211045,512,0,128
512,0,160,41.461133277227255,0.00932496993261507,57.55073179705265,512,0,160
512,0,256,41.45537819426819,0.005552547889171154,53.20299321502644,512,0,256
512,0,512,39.47681907732257,0.0027264650355288867,57.844043866976754,512,0,512
512,0,768,39.46728233222488,0.0018244685363671212,67.88160438311043,512,0,768
512,0,1024,34.661620381856274,0.0019102079506191601,82.3282623496504,512,0,1024
512,0,1536,34.17407867835085,0.0014924828455271937,106.71750425168351,512,0,1536
769,0,8,2468.3740600693977,0.22059158973943685,730.0940378096793,768,0,8
768,0,16,992.9811958159328,0.11305661223618053,393.50175494866465,768,0,16
768,0,32,273.3678761197036,0.06060670597405175,232.12177329759234,768,0,32
768,0,40,87.37919426986525,0.0470506758966932,189.1362040766549,768,0,40
768,0,64,41.84354563828912,0.030048939615301744,137.7280329165068,768,0,64
768,0,80,41.84323547666554,0.02514486713839227,124.5767141427219,768,0,80
768,0,96,41.4468089872399,0.01628952140904942,90.29122575877082,768,0,96
768,0,108,41.44662082869002,0.014287085690542737,84.26856790034202,768,0,108
768,0,128,41.446195162644656,0.011806208920859665,76.95883874719182,768,0,128
768,0,160,41.44560038932789,0.009130808833873096,69.32600463345176,768,0,160
768,0,256,41.44333911264036,0.005402059368823248,61.05655330424975,768,0,256
768,0,512,39.469474410974385,0.002634656706176579,62.64445407926781,768,0,512
768,0,768,39.46410767836405,0.001784785363106739,72.17124469981808,768,0,768
768,0,1024,34.65812215498406,0.0018664801147165525,86.09767446880026,768,0,1024
768,0,1536,34.17261910643811,0.0014742381966179052,110.36503034239578,768,0,1536
1025,0,8,2464.075803852342,0.22027868520619454,962.2134269480864,1024,0,8
1024,0,16,992.0510446310943,0.11298920997640963,514.4093819763581,1024,0,16
1024,0,32,272.47336476504324,0.06054188631067057,298.2695609676761,1024,0,32
1024,0,40,86.48434373172847,0.04698583165479923,241.12381193386,1024,0,40
1024,0,64,41.83850268036714,0.029985902641276953,171.95111386390715,1024,0,64
1024,0,80,41.83831817324445,0.025083400845628715,153.67253029826097,1024,0,80
1024,0,96,41.439453840350595,0.01619758207293306,109.92121001260921,1024,0,96
1024,0,108,41.43937221619477,0.01419647803435211,101.79818846857064,1024,0,108
1024,0,128,41.439151064089025,0.011718157688914295,91.88525755824331,1024,0,128
1024,0,160,41.438850803135246,0.009046439006464978,81.43883294578966,1024,0,160
1024,0,256,41.43764871658383,0.005330929418116637,69.25603575692264,1024,0,256
1024,0,512,39.46545812508313,0.0025844531325359033,67.77139576293057,1024,0,512
1024,0,768,39.46201324222582,0.0017586049113788172,76.60201459841804,1024,0,768
1024,0,1024,34.65585759048486,0.0018381730584764834,90.09546849570641,1024,0,1024
1024,0,1536,34.171528948790275,0.0014606112260199444,114.10837355417628,1024,0,1536
1537,0,8,2459.8720898330366,0.21997301353432966,1426.5378672142438,1536,0,8
1536,0,16,991.1338254297482,0.11292274481689178,756.2482279620324,1536,0,16
1536,0,32,271.58531415338734,0.06047753481707231,430.6018823168468,1536,0,32
1536,0,40,85.59470188211537,0.04692136485410263,345.14360836527646,1536,0,40
1536,0,64,41.83345591978719,0.029922818134027578,240.46218967977782,1536,0,64
1536,0,80,41.833365251295064,0.02502148932126128,211.94032696827978,1536,0,80
1536,0,96,41.43290700804175,0.016115746669072523,149.40330402417803,1536,0,96
1536,0,108,41.4328845078825,0.014115381680448683,137.09226816122302,1536,0,108
1536,0,128,41.43279067423484,0.011638652815736934,121.9919548673011,1536,0,128
1536,0,160,41.43267168065481,0.008969199975459585,105.94624274331879,1536,0,160
1536,0,256,41.43216052145813,0.0052623269790454,85.97595663722278,1536,0,256
1536,0,512,39.461187411914786,0.0025310692179316262,78.3947102035612,1536,0,512
1536,0,768,39.45941677602646,0.001726149083886804,85.67131281839438,1536,0,768
1536,0,1024,34.65309570750754,0.0018036495212599673,98.41782004218501,1536,0,1024
1536,0,1536,34.17000487465238,0.0014415602992962234,121.76471143998799,1536,0,1536
2049,0,8,2458.2707010131694,0.2198566474206138,1891.192125524586,2048,0,8
2048,0,16,990.6801518120142,0.11288986991705599,998.0987725903118,2048,0,16
2048,0,32,271.14385595434123,0.06044554509250375,562.9525184700499,2048,0,32
2048,0,40,85.15198671817222,0.046889284045121236,449.1856424924337,2048,0,40
2048,0,64,41.83093206401572,0.02989126993688421,309.00586532091836,2048,0,64
2048,0,80,41.83087625245306,0.0249903768357363,270.24666519159837,2048,0,80
2048,0,96,41.429895907659564,0.016078107914295245,188.98157751950103,2048,0,96
2048,0,108,41.42988923481159,0.014077940767062364,172.48871907772622,2048,0,108
2048,0,128,41.42983622871522,0.011601722246741736,152.21051138803955,2048,0,128
2048,0,160,41.429773643419956,0.008932974510023856,130.57991711678628,2048,0,160
2048,0,256,41.42948965320795,0.0052289411259181925,102.84940665545209,2048,0,256
2048,0,512,39.45894875441151,0.002503085999140669,89.21755784992465,2048,0,512
2048,0,768,39.45787113295846,0.0017068285455368053,94.87782096094514,2048,0,768
2048,0,1024,34.651474702439884,0.0017833869579143462,106.95119597384736,2048,0,1024
2048,0,1536,34.168991135594766,0.0014288885610761282,129.55312593904264,2048,0,1536
