num_a100,num_h100,ttff_s,tbf_s,cost,quality
0,8,5.637653152275616,0.03926989719856927,4.8755893114401845,low
0,16,5.385653152275617,0.012970296213375605,3.2837893880673303,low
0,32,4.329281169181412,0.005971403238390163,3.089915043622886,low
0,40,4.317281169181412,0.0046897428667263515,3.0744669977965318,low
0,64,3.8530951776343088,0.0028439787091006003,3.071575231252854,low
0,80,3.8418579793248884,0.00224298397357544,3.1000191184449584,low
0,96,3.834366513785275,0.0018565187603645844,3.149397059763443,low
0,108,3.8290154669712653,0.001646675163188997,3.1943471035462485,low
0,128,3.824162181860758,0.0013878087696276974,3.2762859007874012,low
0,160,3.5387585827060475,0.0011190663943980584,3.3838297129246695,low
0,256,3.4363663982596964,0.0007027150405551576,3.747754348184614,low
0,512,3.3040997832132004,0.00039073692273387654,4.966398828569829,low
0,768,3.219620799354674,0.00030449321032489815,6.359677570005221,low
0,1024,3.1979509957930072,0.00028417140725393506,8.135120865953422,low
0,1536,2.867277225541724,0.00027476529699316775,11.412198448708514,low
8,0,554.5900926139216,0.08315828966768825,2.745358664659769,low
9,8,7.340611485608951,0.01928926219044176,3.1633865331888162,low
9,16,7.309658317564874,0.009579698109051047,2.856181209571739,low
9,32,6.117931273783922,0.005252776104744884,3.0099445647017156,low
9,40,6.1006469198277635,0.004239819354166095,3.0498359838468554,low
8,64,5.824025720251915,0.002818578855143707,3.293613419518119,low
8,80,5.810781952318704,0.0023280936110964354,3.4706880041972483,low
8,96,5.805224567646526,0.001992830139321169,3.640997771403428,low
8,108,5.801077369327281,0.0018102264786761819,3.776908697408912,low
8,128,5.797171641601491,0.0015771245556881618,3.9964116928153404,low
8,160,5.791466609468073,0.0013307416600350011,4.364670242802358,low
8,256,5.783179848097652,0.000962456572090186,5.486712366118368,low
8,512,5.701797425868931,0.0006871315110129987,8.707382939193232,low
8,768,5.645513534752066,0.0006063841261101316,12.039471106369295,low
8,1024,5.613454059828887,0.000584096340949121,15.653477389729535,low
8,1536,5.293561588297194,0.0005723353370912756,22.63537122180359,low
16,0,13.175858373238816,0.027249579885576462,1.8405906711625877,low
17,8,6.188604209574389,0.017790609431503335,3.505946349917284,low
17,16,6.155021063428736,0.008640753180301929,2.8637382802264284,low
17,32,5.483358690464975,0.004935341845328005,2.9918966700419283,low
17,40,5.468982966112423,0.00395874296479432,2.979016935701668,low
17,64,5.200148808686062,0.002617390923343752,3.153080503108909,low
16,80,5.189160781085139,0.002151091900465424,3.27279753746262,low
16,96,5.182951051929482,0.0018291342249280944,3.3979399271247077,low
16,108,5.023914361347938,0.001663536911004348,3.499210773163609,low
16,128,5.0202505927187,0.0014334594767232605,3.654819776760368,low
16,160,5.0148104382222005,0.0011903875515315784,3.92498842970396,low
16,256,5.006801188486813,0.0008255713590246773,4.758533854927635,low
16,512,4.925525474585748,0.0005515801520431654,7.219962075711803,low
16,768,4.869255966114619,0.00047101255021202024,9.795997473927237,low
16,1024,4.837198674940426,0.0004487520619133367,12.654915524478803,low
16,1536,4.517309169121255,0.00043702812946201127,18.12732601829632,low
32,0,10.292266030896473,0.012568556389998358,1.737992532273699,low
33,8,6.13058160938189,0.01665685203730247,4.403182794432543,low
33,16,5.510812557420312,0.00786421379236925,3.143601926515836,low
33,32,5.216130102309437,0.004574278504566237,3.1017475629869677,low
33,40,5.206775368341327,0.0036256198035148086,2.9995220390415698,low
33,64,5.191534463348595,0.002452719541258083,3.1638577498744294,low
32,80,5.183652967971714,0.002027351553869867,3.2690926401720337,low
32,96,5.0239671736020455,0.001743016551239351,3.385120977928304,low
32,108,5.020911100933138,0.0015859362754360262,3.492403921784525,low
32,128,5.01706116284071,0.0013782012551616847,3.6558901082230992,low
32,160,4.9127820656225145,0.0011650328940355052,3.9416448724389013,low
32,256,4.906103912823254,0.0008168554132301834,4.770986912655921,low
32,512,4.781732445649925,0.0005510422903453861,7.191291035247237,low
32,768,4.725491006933728,0.0004708255604508744,9.722688342427608,low
32,1024,4.693438012205695,0.00044861877772919617,12.538923094878347,low
32,1536,4.373554363089958,0.00043696805407079014,17.92734881948189,low
40,0,10.269289840420283,0.00984076891384518,1.7272729343562498,low
41,8,5.505653152275618,0.016383690390426496,4.868711991906235,low
41,16,5.501745560860673,0.00763233206706484,3.317235820499805,low
41,32,5.21164091006433,0.004455364511115863,3.184836443140239,low
41,40,5.202266972981225,0.003517245331552142,3.045225297247011,low
41,64,5.188220781985638,0.002392711278397438,3.1869208026175575,low
40,80,5.02603841124068,0.00199330400247456,3.2841796215444417,low
40,96,5.022501050059445,0.0017063248630322502,3.393669712348875,low
40,108,5.019726654111354,0.0015563143283322117,3.5019562807027667,low
40,128,5.016847878897854,0.001353786271403383,3.660767225199611,low
40,160,4.912640728404932,0.0011469341687999162,3.9438783071488985,low
40,256,4.905705947721988,0.0008118808494643656,4.78881147020162,low
40,512,4.781647341288361,0.000549978485825836,7.212048899907542,low
40,768,4.725460328591551,0.000470442081173666,9.744671667480608,low
40,1024,4.693415868978035,0.0004483419873834489,12.560294403335007,low
40,1536,4.3735440371221666,0.0004368389794734091,17.94891947574296,low
64,0,9.068197132452575,0.0059725613128244846,1.7312455116180059,low
65,8,5.239632697730163,0.015950130139157567,6.335732449802133,low
65,16,5.236305470993998,0.007284639091518761,3.9159676824174463,low
65,32,5.203146169181412,0.004243815089182191,3.4975415799041665,low
65,40,5.1927449209582415,0.003316897160265761,3.2497659558958008,low
65,64,5.028051607042627,0.0022823715887388355,3.3058269153590376,low
64,80,5.020692450213657,0.0018960544755944558,3.369663543407463,low
64,96,5.017738815319613,0.0016283980254040214,3.460655012182822,low
64,108,5.015434834563189,0.0014931861846264284,3.568289415324696,low
64,128,4.913720440962474,0.0013120720901248525,3.7194158416809047,low
64,160,4.910031516114534,0.0011143190151699503,4.001993835827991,low
64,256,4.904743844106132,0.0007998545542661629,4.852545489231739,low
64,512,4.781423002328841,0.0005471742488318384,7.277067637756595,low
64,768,4.7253777511120205,0.00046940986267952786,9.811904269253764,low
64,1024,4.693356220524693,0.0004475963817166761,12.625662502520166,low
64,1536,4.37351648166207,0.00043649453622219425,18.014606974344602,low
80,0,9.043205863586305,0.004698820075239352,1.747928633479581,low
82,8,5.237026074713291,0.007315297158317047,3.5195100867658464,low
81,16,5.23136635514221,0.007157712762467409,4.34284118936219,low
81,32,5.043437309223636,0.004169513987335685,3.728552321647675,low
81,40,5.0332985510036945,0.0032458771834596245,3.4128072874014577,low
81,64,5.025341507312807,0.0022280634491074606,3.4070735159711822,low
80,80,5.017721961721299,0.0018589233694399712,3.4591770669162734,low
80,96,4.91583861219326,0.0016046454863246021,3.5346195574900343,low
80,108,4.913862646850055,0.001473533838212264,3.6358606164182197,low
80,128,4.911985986104539,0.0012903914044006543,3.778405804835379,low
80,160,4.9088576228831675,0.0010996453497778738,4.056964562963533,low
80,256,4.860731284710232,0.0007965725618173962,4.900423236166932,low
80,512,4.7812903700281515,0.0005455163450732153,7.321849732478006,low
80,768,4.725326518299826,0.0004687694525270994,9.85719511498618,low
80,1024,4.693318784151062,0.0004471284270462826,12.669629821623666,low
80,1536,4.373498808024378,0.0004362736157510462,18.058570460756325,low
96,0,8.410461413779355,0.0039214672144155535,1.7751440268599998,low
98,8,5.237026074713291,0.004994055042710645,2.808853816345118,low
97,16,5.071703519322925,0.007081853792905135,4.778622024689312,low
97,32,5.04037965700545,0.004107439581892375,3.9693217792256656,low
97,40,5.03093666346535,0.0031854831004067244,3.5873584207302986,low
97,64,5.023709703165032,0.0021863990035876787,3.5187454276541827,low
96,80,4.916168593765038,0.001839506269986713,3.5608753377768956,low
96,96,4.914012836183532,0.0015818232862030044,3.6198614519128705,low
96,108,4.912309249656895,0.0014541163732977522,3.7153289716902376,low
96,128,4.911633528909425,0.0012733120941825272,3.8456348503372553,low
96,160,4.908322708319063,0.0010871862166846762,4.1164509436870995,low
96,256,4.860272690032104,0.0007908401283407966,4.950584386162352,low
96,512,4.781169896160083,0.0005440104217223678,7.367676161737837,low
96,768,4.725278515688194,0.000468169419881695,9.902896855462687,low
96,1024,4.693283468545233,0.0004466869819734168,12.713965516333468,low
96,1536,4.37348195516179,0.00043606295496869746,18.102752438936893,low
108,0,8.397989545764725,0.0034397666774454282,1.7844899863661436,low
110,8,5.237026074713291,0.0041872061789971875,2.6108508605256033,low
109,16,5.069204171653897,0.007032398534490151,5.10899799779627,low
109,32,5.038981450984955,0.004070421375005839,4.153551975399562,low
109,40,5.029120887768362,0.0031502620086716294,3.7237489800374006,low
109,64,5.022703734018301,0.0021607754805192062,3.6069730286197625,low
108,80,4.914972871856883,0.001824559746134779,3.6433323768339605,low
108,96,4.912984451933671,0.0015689684830797422,3.690035485019708,low
108,108,4.912564655647979,0.0014392232728442265,3.772782317737827,low
108,128,4.910719198451194,0.0012618829634546502,3.897799425772427,low
108,160,4.907713626546564,0.0010795726945284404,4.164967155255754,low
108,256,4.85997545322105,0.0007871246682026279,4.990279179616283,low
108,512,4.78108582678512,0.0005429595545353315,7.402572573481473,low
108,768,4.7252439442634175,0.000467737277071997,9.937341552138948,low
108,1024,4.693257818369625,0.00044636635477832414,12.747349309645898,low
108,1536,4.373469494770879,0.00043590720008231007,18.135924938663816,low
128,0,8.386944962545513,0.002851944963157202,1.8077057403397934,low
130,8,5.237026074713291,0.003466922071916955,2.5131388214134054,low
129,16,5.066885319835707,0.006969673804830263,5.664137754812742,low
129,32,5.036816558002798,0.004023520980407979,4.467597395003439,low
129,40,5.027066239881445,0.0031047396777642775,3.958488286884921,low
129,64,4.920640448644438,0.0021349844133459134,3.7629137506031003,low
128,80,4.914885315838149,0.001796751172780046,3.7726613354541363,low
128,96,4.912760589369005,0.0015442332734908343,3.7977877763042436,low
128,108,4.9110950949444145,0.0014208537640496616,3.879072344365345,low
128,128,4.90954674270093,0.001247227266576337,3.9932328776765935,low
128,160,4.906896538714002,0.001069359096621404,4.251580770690726,low
128,256,4.859551577772274,0.0007818262250929329,5.059629277675092,low
128,512,4.780957447648111,0.0005413548153227171,7.461740778080883,low
128,768,4.725189697617389,0.0004670591939966332,9.995177117905518,low
128,1024,4.693217305473551,0.0004458599435773944,12.803375929295946,low
128,1536,4.373449602312037,0.0004356585443467753,18.191443597651993,low
160,0,8.126356442736885,0.0022521834370574684,1.855918005471419,low
162,8,5.237026074713291,0.002883834937613911,2.5585139919088897,low
161,16,4.963337685274459,0.006915205524722363,6.565863870679765,low
161,32,4.933647073167936,0.00398390241997222,4.986426558926255,low
161,40,4.92402704406527,0.0030667497300620908,4.353620673350627,low
161,64,4.918076612264318,0.002102936458594415,4.0354647899205185,low
160,80,4.912758123024551,0.0017701612626100656,4.003558153022974,low
160,96,4.910942219345978,0.0015215036482029971,3.997398723873181,low
160,108,4.9095223943762445,0.0014011950069475422,4.065492545840989,low
160,128,4.908242392185852,0.001230922885137865,4.159741768521556,low
160,160,4.862395469433756,0.0010599707306183307,4.398510615863912,low
160,256,4.859011387023365,0.0007750738407315667,5.176735913538975,low
160,512,4.780776890212749,0.0005390978473806973,7.55852294265553,low
160,768,4.725109973082169,0.00046606263730638827,10.08858914365705,low
160,1024,4.693157113162098,0.0004451075396842254,12.89379886946881,low
160,1536,4.373419404975583,0.0004352810776411099,18.28068562076592,low
256,0,7.950646562163034,0.0013750802230735012,2.0404564997918344,low
258,8,5.072040251919746,0.0021728469480080097,2.9873842129775516,low
257,16,4.914596442692394,0.006852814992446552,9.329316250462886,low
257,32,4.885848086347019,0.003933290084710753,6.603526400617585,low
257,40,4.876339727234306,0.0030175332696750433,5.607088707745628,low
257,64,4.915805890930814,0.0020569711042103464,4.905355050400476,low
256,80,4.867137658988485,0.001731341907309158,4.740934263726035,low
256,96,4.865434930058513,0.0014859738116589382,4.635327641575958,low
256,108,4.864114769229073,0.0013690560683720099,4.658307362665316,low
256,128,4.8629509761035274,0.0012026545572290195,4.686648965793159,low
256,160,4.861495097079702,0.0010288448652714729,4.84299334472382,low
256,256,4.85798071713549,0.0007621904671331248,5.554324837235913,low
256,512,4.780367075875272,0.0005339751681622347,7.860082010833646,low
256,768,4.724912483534854,0.0004635940179649414,10.373984634011185,low
256,1024,4.693004421388393,0.0004431988925129219,13.16976260027613,low
256,1536,4.373339123247408,0.00043427755603892774,18.55101060270669,low
512,0,7.666046945070258,0.0007154938613473303,2.6604666756762345,low
514,8,4.962075911110436,0.0015653932487577626,4.27596459083596,low
513,16,4.913800244708324,0.0067621754104174375,16.64516349029059,low
513,32,4.884747458823018,0.003849918803740488,10.8658104844824,low
513,40,4.875258660063411,0.0029344064931186,8.903066406706655,low
513,64,4.869906816649389,0.0019901290991242134,7.2109261473426916,low
512,80,4.864920301595557,0.001667060537994174,6.704955262753802,low
512,96,4.86335681394122,0.001426752658834457,6.345295646159205,low
512,108,4.862159852149121,0.0013148408321291788,6.253966116076286,low
512,128,4.861622639980415,0.0011523136775321973,6.107699694842708,low
512,160,4.859762893683507,0.0009939341424334929,6.127697962220029,low
512,256,4.856824437665423,0.0007477369737572809,6.632130572635485,low
512,512,4.779766208987842,0.0005264643320693514,8.706072164891685,low
512,768,4.724572955678515,0.0004593499197607086,11.15819593626589,low
512,1024,4.692729387371032,0.0004397609672959132,13.927916260930258,low
512,1536,4.373179649121657,0.0004322841294670394,19.2856450325601,low
768,0,7.541466214048386,0.0005526779510243922,3.4523524781333883,low
770,8,4.912579054364013,0.0014584652762199002,5.927038823477964,low
769,16,4.9113358761868735,0.0067313708038993164,23.973574081268833,low
769,32,4.8828094640038335,0.0038256938685006835,15.168182653433293,low
769,40,4.873343735382548,0.0029104699346078075,12.247070980035442,low
769,64,4.868949883728482,0.0019661881436861374,9.5601497502005,low
768,80,4.864038361347875,0.0016444368548927913,8.716500737196482,low
768,96,4.862827428840884,0.00140345731459275,8.097304423301932,low
768,108,4.861608619851176,0.0012921133697936108,7.8874669153189805,low
768,128,4.860743642679565,0.0011327896592839776,7.580705979597598,low
768,160,4.8589096820963,0.0009807368758059137,7.4609690408886395,low
768,256,4.856353663206278,0.0007418522930179738,7.740463358116213,low
768,512,4.7794617845583725,0.0005226590267009818,9.577270948991726,low
768,768,4.7243728997519865,0.00045684922067910433,11.959670497726595,low
768,1024,4.692559414319737,0.000437636304154721,14.703761591220914,low
768,1536,4.3730701122501525,0.000430914918573227,20.032871278727075,low
1024,0,7.410527117565764,0.0004908846922924252,4.3052508878293585,low
1026,8,4.911856945517773,0.0013933596833396805,7.542758683380059,low
1025,16,4.9110112347384725,0.0067139286440235126,31.297120084917623,low
1025,32,4.882787239594681,0.0038065777150875046,19.444198177710415,low
1025,40,4.873321690901662,0.0028913560302979632,15.564589641202371,low
1025,64,4.868573171620685,0.0019515186990244795,11.907327180117273,low
1024,80,4.863668500304498,0.0016300196965483085,10.725230036691727,low
1024,96,4.862174106994267,0.001391404020274458,9.864063577732043,low
1024,108,4.8610400402957366,0.0012812060146738058,9.54238874747662,low
1024,128,4.860286581366225,0.001123899386247173,9.078312667126362,low
1024,160,4.85849063871208,0.0009734461934980483,8.805945222849363,low
1024,256,4.856098175828472,0.0007386587007954025,8.858383504118114,low
1024,512,4.779277814479848,0.0005203594007194245,10.458711644274015,low
1024,768,4.724241005384249,0.00045520054108237796,12.76958066227871,low
1024,1024,4.692443961528304,0.00043619314426180604,15.48878816542761,low
1024,1536,4.372990231756039,0.00042991641239680916,20.787575427132715,low
1536,0,6.116676100847298,0.00047073054607618247,5.740951951583316,low
1538,8,4.911045832162677,0.001283154422109346,10.494297145674315,low
1537,16,4.910421074617483,0.00669607380394966,45.94576134775316,low
1537,32,4.881949769853996,0.0037920297848429993,28.03617909001846,low
1537,40,4.8724895948946365,0.002876875271724206,22.242927837611457,low
1537,64,4.867836181264719,0.0019388122636492225,16.630231213253225,low
1536,80,4.863023197794619,0.0016184816307796104,14.781856876954691,low
1536,96,4.861750683852779,0.0013801148007627985,13.421466123179565,low
1536,108,4.860637658927245,0.0012702487235862142,12.870094062944702,low
1536,128,4.859730416094733,0.0011145012398484462,12.086830111657815,low
1536,160,4.858006348560878,0.0009673925666080301,11.524635735438865,low
1536,256,4.855827714896646,0.0007352779391475758,11.10493431950325,low
1536,512,4.779066352726774,0.0005177161288060029,12.234898925966615,low
1536,768,4.724077779273009,0.0004531602146918852,14.401847393343532,low
1536,1024,4.692297166597417,0.0004343582076257183,17.0730049858496,low
1536,1536,4.372881525418923,0.0004285575831828588,22.309856849112535,low
2048,0,6.069313033005168,0.0004424455461215215,7.389549534206814,low
2050,8,4.911829685373334,0.0012049987316098169,13.258246165249446,low
2049,16,4.910130753616185,0.006688874784315899,60.61150775074382,low
2049,32,4.881837102626368,0.0037845368420375853,36.63003985379615,low
2049,40,4.872377441098023,0.0028693887468064705,28.923753216837838,low
2049,64,4.8675186179886065,0.001932278241505202,21.35777884879444,low
2048,80,4.8627365271159215,0.0016123263231845723,18.841925563798352,low
2048,96,4.861339171037215,0.0013749708905682534,16.99199083422919,low
2048,108,4.860285005588262,0.0012658405568489331,16.21751666180456,low
2048,128,4.8594442369731885,0.0011109240008291442,15.116193789318485,low
2048,160,4.857796033989982,0.0009647636344718184,14.25513346808309,low
2048,256,4.8556864517603975,0.0007335121499444687,13.357238538374487,low
2048,512,4.778948314168823,0.0005162406468316127,14.01903055730986,low
2048,768,4.723980709493751,0.0004519468424511601,16.042302375866576,low
2048,1024,4.692207737040153,0.0004332403381599192,18.666881746371267,low
2048,1536,4.372811004406994,0.00042767607053375585,23.841766677357533,low
0,8,1547.0705708665837,0.1553294430216823,19.228209779094072,medium
0,16,102.74046879915556,0.050131039080907665,12.586862618935987,medium
0,32,14.157124676725648,0.022271417552571265,11.453115761750698,medium
0,40,14.071295365933373,0.017286846729058825,11.250274832546008,medium
0,64,13.072380710537235,0.0103817742511215,11.141450727942662,medium
0,80,13.027431917299554,0.008125947766126091,11.15104898071677,medium
0,96,12.5774660551411,0.006665142096851923,11.179028239053771,medium
0,108,12.55606186788506,0.005825767708149573,11.181508414184991,medium
0,128,12.536648727443032,0.004790302133904375,11.21373026981627,medium
0,160,11.95503433082419,0.0037203633502390933,11.283716914191173,medium
0,256,11.543808265804921,0.002126876818310121,11.670753393668956,medium
0,512,10.876399132852802,0.0008907902565331736,13.238770780945979,medium
0,768,10.538483197418696,0.0005458154068972602,15.498473480020884,medium
0,1024,10.451803983172029,0.00046452819461340793,19.286834397147018,medium
0,1536,9.129108902166896,0.00042690375357033863,25.768320194834057,medium
8,0,3946.6603704556856,0.32882849394772085,10.810947991972409,medium
9,8,280.7684929147247,0.06271598981819404,10.243826888427646,medium
9,16,19.80111260910247,0.037299898933334526,10.942665236657403,medium
9,32,19.47162467672565,0.0206801704998691,11.67249497937275,medium
9,40,19.369795365933374,0.017306561965187123,12.186624298611003,medium
9,64,19.28195763361416,0.011407940097219483,13.06527626738483,medium
9,80,19.226554290435217,0.009283080131597593,13.520115294296577,medium
9,96,19.21407131829899,0.007981624349115698,14.17765092332829,medium
9,108,19.194198231521426,0.007124192592715338,14.450628253586888,medium
9,128,19.17289474641547,0.0061186613153137,15.051931675619219,medium
9,160,19.153770913871885,0.005050751074640337,16.078995281339974,medium
9,256,19.12301767756963,0.0033913367188035657,18.990068912280215,medium
9,512,18.79620344269555,0.002072225689335076,27.194830206131613,medium
9,768,18.563444354207153,0.0017554361999677843,36.780015625162484,medium
9,1024,18.477451897846798,0.0016827401362923854,47.757201619619416,medium
9,1536,17.154904765899744,0.0016198937465222894,67.81767529086935,medium
16,0,876.4603776133915,0.10519365481927377,7.021389351317017,medium
18,8,62.00832848779385,0.04680352498045468,9.470396921422607,medium
17,16,17.061075138376474,0.03381327894576104,11.045154336724888,medium
17,32,15.77380268719685,0.018946462686152736,11.270025191547056,medium
17,40,15.699578915716923,0.015917923392875084,11.665008552298643,medium
17,64,14.640595234744248,0.010379977166739177,12.045596485733293,medium
17,80,13.986554290435217,0.008386870219061149,12.209622989084734,medium
17,96,13.974071318298995,0.0070854144365792545,12.510582155340154,medium
17,108,13.954198231521422,0.006227982680178896,12.519973207022057,medium
17,128,13.932894746415469,0.005222451402777256,12.695810859956989,medium
17,160,13.913770913871884,0.004154541162103893,13.05981195012663,medium
17,256,13.883017677569628,0.0024951268062671237,14.032141731128489,medium
17,512,13.556203442695551,0.0011760157767986327,17.167664516561388,medium
17,768,13.323444354207153,0.0008592262874313411,21.716533916382502,medium
17,1024,13.2374518978468,0.0007865302237559428,27.665715957013916,medium
17,1536,11.914904765899745,0.0007236838339858462,37.67013883810481,medium
32,0,71.06028429785488,0.04659348057635585,6.382528926210709,medium
34,8,17.07711260910247,0.03476215688675804,9.416453935457753,medium
33,16,17.0289109392245,0.026083640843608483,10.39192168723818,medium
33,32,14.679201877302848,0.01776395256247769,11.790964350010219,medium
33,40,14.022015655788444,0.015063105675839088,12.046490165157328,medium
33,64,13.981332361480634,0.009753914283013953,12.039130778170339,medium
33,80,13.326022843073664,0.007942727127041733,12.152227361672587,medium
33,96,13.319743908866322,0.006718821818670849,12.372744617837334,medium
33,108,13.306431273157898,0.005943395700634834,12.397661926531974,medium
33,128,13.291000923684912,0.005011278618645288,12.560975435953132,medium
33,160,13.277169284879479,0.004009520799698843,12.90089222888906,medium
33,256,12.854459591969798,0.0024506507362692313,13.775252193104672,medium
33,512,12.356257807717842,0.0011766953395772892,16.61477273092933,medium
33,768,12.12351888975806,0.0008601579818176864,20.803685595324673,medium
33,1024,12.037512349336986,0.0007872858673832765,26.404698064569175,medium
33,1536,10.714956122904292,0.000724325796542706,35.714208257156166,medium
40,0,31.49459179411356,0.036467450803123205,6.32284419988746,medium
42,8,17.01447109966851,0.03292524440771313,10.049453962540602,medium
41,16,17.0289109392245,0.024086704516392544,10.458739483211808,medium
41,32,14.046839882911215,0.01747415066465224,12.1841399109848,medium
41,40,13.999477608924026,0.014781380090033857,12.349771819980486,medium
41,64,13.344205496862024,0.009602328475281328,12.162820401587412,medium
41,80,13.31374152713361,0.007789210677791061,12.227487684422059,medium
41,96,13.309087768138845,0.006585620059577396,12.40366102500602,medium
41,108,13.297780049703242,0.005835255407451623,12.424584520610392,medium
41,128,13.284132959814974,0.004925429070271053,12.57186705401661,medium
41,160,13.272126649677213,0.003946487859670522,12.896864666081662,medium
41,256,12.85193372961736,0.0024190774568637534,13.755590303517486,medium
41,512,12.355303398467331,0.0011647652239459127,16.586172554980667,medium
41,768,12.123282367648653,0.0008572014554500929,20.824999289517898,medium
41,1024,12.037379219044178,0.0007856217387231932,26.43239944792525,medium
41,1536,10.714861985151082,0.0007231490746275576,35.735195904588394,medium
64,0,28.7527885298103,0.021836332466032275,6.245894735310884,medium
66,8,15.854733754476918,0.0264179877584511,10.809143839953286,medium
65,16,14.8275858215269,0.019812081856928333,10.672114509132546,medium
65,32,13.38361168971266,0.016996298249670316,13.596436452156068,medium
65,40,13.341917317152884,0.014374376442894583,13.496206127146822,medium
65,64,13.316338563243537,0.00925399180505025,12.760514951086304,medium
65,80,13.29210850049301,0.007518797844783549,12.678495375604276,medium
65,96,13.289835518535867,0.00634496693954015,12.722071098851575,medium
65,108,12.883458820216397,0.005656240038866053,12.68804698676233,medium
65,128,12.872420944687335,0.004779028881175544,12.75511103628863,medium
65,160,12.863159539569713,0.003834398983326731,12.991469442665803,medium
65,256,12.846139059455718,0.0023466440798432203,13.778251998964473,medium
65,512,12.353278256126076,0.0011394509446802181,16.581328377524237,medium
65,768,12.12282958153011,0.0008515416289683062,20.926713489288066,medium
65,1024,12.037147717017897,0.0007827279633946686,26.54860595555044,medium
65,1536,10.71471015972878,0.000721251256848786,35.83686409569051,medium
80,0,28.652823454345224,0.01706027195725724,6.24689194527708,medium
82,8,14.811736983059063,0.025115183307100497,11.97773844270506,medium
81,16,14.171920632025104,0.01905403514156087,11.571090192035115,medium
81,32,13.369849244863843,0.0168242676890601,14.626829906126844,medium
81,40,13.329603643474455,0.014220455521914224,14.351277330912108,medium
81,64,12.908455302822247,0.009155451049784118,13.259176491278449,medium
81,80,12.885597431146387,0.007437409477950779,13.059202435153589,medium
81,96,12.883876491593798,0.006270479102764302,13.011424198344113,medium
81,108,12.876122379111917,0.005564534525060061,12.934892190724138,medium
81,128,12.866178085386151,0.0047009931399107545,12.947907090813631,medium
81,160,12.85814524631747,0.003771720317673703,13.127071966964321,medium
81,256,12.843298220604407,0.002311133594201835,13.840218440180688,medium
81,512,12.352182374964622,0.0011257524301620432,16.601519782295945,medium
81,768,12.122569654130405,0.0008482925364719903,21.000296417877298,medium
81,1024,12.037015048395608,0.0007810696056160515,26.63013464191176,medium
81,1536,10.714624006484765,0.0007201743412986156,35.90896588446099,medium
96,0,27.467654478646836,0.014003506914654818,6.2657992853880184,medium
98,8,15.84002170001156,0.022534238520307056,12.377455567397611,medium
97,16,14.159719523315015,0.016833672678567075,11.457210232902408,medium
97,32,12.962810107189224,0.016736278468127357,15.683765048075951,medium
97,40,12.923180143946059,0.014140161777809244,15.231492685529778,medium
97,64,12.900914706784892,0.009061193599317187,13.787228822114143,medium
97,80,12.879202840484481,0.007357477094676945,13.475155681854647,medium
97,96,12.877938413863458,0.006196253131135055,13.342207508002161,medium
97,108,12.87082191016836,0.005498278663265576,13.22228688968829,medium
97,128,12.861540888270499,0.004643028175965097,13.178133774554466,medium
97,160,12.854307560361455,0.0037237492432235296,13.296652537644748,medium
97,256,12.84097751728237,0.0022821248026763884,13.925823513156512,medium
97,512,12.35121117577401,0.0011136124402793869,16.63286051192024,medium
97,768,12.122320398583417,0.0008451768421346467,21.0750886447054,medium
97,1024,12.036884182181778,0.0007794337779431833,26.711811032997854,medium
97,1536,10.714537539687024,0.0007190935063268479,35.98083176254408,medium
108,0,27.4319581830589,0.012229055209372031,6.266388520546146,medium
110,8,15.854733754476918,0.020536107284516318,12.3954617353234,medium
109,16,14.80741504812686,0.01731514370664513,12.696373784398421,medium
109,32,12.9574718382977,0.016669550106983313,16.486163309052014,medium
109,40,12.918250760608759,0.014078544486092998,15.903906124649179,medium
109,64,12.896690486273908,0.009008390842929877,14.200835695401071,medium
109,80,12.87553198631422,0.007311591417548681,13.803903970607807,medium
109,96,12.87451027052092,0.006153401339353327,13.608641231459254,medium
109,108,12.867704954756789,0.0054593167206209514,13.454825200193964,medium
109,128,12.858785298880067,0.004608583308584696,13.367701149627777,medium
109,160,12.851983712567792,0.0036947011458027335,13.439933973437487,medium
109,256,12.665465955788655,0.002275730284004953,13.999329647159072,medium
109,512,12.35056420357944,0.0011055252878472643,16.6638260915245,medium
109,768,12.122147600848372,0.0008430168704465873,21.1330910887976,medium
109,1024,12.036792987349296,0.0007782938425371584,26.77434152989026,medium
109,1536,10.714477337389313,0.0007183409776054643,36.036042622555556,medium
128,0,27.387779850182053,0.010045725401821533,6.285517924572289,medium
130,8,15.84002170001156,0.018363450547880578,12.74515270599703,medium
129,16,14.791920632025105,0.0161258326959832,13.277812580746506,medium
129,32,12.95097376763474,0.016588324223696292,17.839588165930696,medium
129,40,12.912181667303237,0.014002680819773971,17.041893459234554,medium
129,64,12.891375621081908,0.008941955028029887,14.91136686052997,medium
129,80,12.870837593728679,0.007252911510229426,14.37319004260728,medium
129,96,12.870076852248571,0.006097983610948975,14.075521722226796,medium
129,108,12.863641380036862,0.005408522036621865,13.864943201441996,medium
129,128,12.855137855737242,0.0045629902692994,13.705726268854942,medium
129,160,12.84884850256528,0.0036555110207713293,13.700059870238817,medium
129,256,12.663220987295885,0.00224766817784534,14.134394960263444,medium
129,512,12.349602539176248,0.001093504482807352,16.7259680133514,medium
129,768,12.12187596590611,0.0008396214336683153,21.231823979332873,medium
129,1024,12.036647133381997,0.0007764706679459348,26.87956385530293,medium
129,1536,10.714380183837644,0.0007171265582096047,36.12886144348713,medium
160,0,26.34067207636626,0.007791030828157438,6.33599858183975,medium
162,8,14.803112609102469,0.015901834582929902,13.304240076945847,medium
161,16,14.159719523315015,0.014700178087017074,14.194883072548487,medium
161,32,12.944130888895128,0.016502788239451165,20.028647609571266,medium
161,40,12.905707450431665,0.013921753108879324,18.888496674990627,medium
161,64,12.885577800399176,0.008869482269495738,16.081323688180806,medium
161,80,12.865603798021057,0.007187489063884145,15.317999828817841,medium
161,96,12.865103004646983,0.006035810515929112,14.860408910777261,medium
161,108,12.859005022320986,0.005350567565173418,14.558098288317803,medium
161,128,12.676826842760232,0.004521602607086764,14.280808362960244,medium
161,160,12.670952696780024,0.003619313448455625,14.146190107655746,medium
161,256,12.660445411223607,0.002212973476941848,14.388019017172953,medium
161,512,12.348305972350905,0.0010772973974905787,16.847227184689558,medium
161,768,12.12147800345675,0.0008346469030513,21.394376296224298,medium
161,1024,12.036427433310706,0.0007737244170547871,27.050112562805726,medium
161,1536,10.714231608511001,0.0007152693666265627,36.2790516404637,medium
256,0,25.022586248652136,0.004384285906871265,6.480870265834006,medium
258,8,14.152319220672716,0.011461760656083885,14.67916287017969,medium
257,16,13.506936138514233,0.012150568779278245,16.993560771273106,medium
257,32,12.759760105988041,0.016385653453112582,26.657437596870476,medium
257,40,12.721700165616038,0.013809162048684005,24.497327433647886,medium
257,64,12.7022691129041,0.008765623675807297,19.683123508983172,medium
257,80,12.682902994649128,0.007091229021735046,18.24936263572534,medium
257,96,12.682677965479652,0.005942997526337486,17.322719774232763,medium
257,108,12.676971760259688,0.005262651789407198,16.745754468958136,medium
257,128,12.66935553125694,0.004428211213295639,16.12950800874034,medium
257,160,12.664208938729123,0.0035350164728193793,15.627394326890975,medium
257,256,12.655415446695168,0.0021500989203363644,15.300660210358323,medium
257,512,12.345601303168186,0.0010434890327065845,17.318255833272023,medium
257,768,12.120514230758332,0.000822599744321066,21.911357214851055,medium
257,1024,12.035867608825669,0.0007667266109918294,27.57837199754572,medium
257,1536,10.713842770078024,0.0007104088862143527,36.74431996657735,medium
512,0,23.88418778028103,0.001745940459966581,7.279955236038273,medium
514,8,13.4814337100199,0.007195495872202901,18.14644488298986,medium
513,16,13.07252410683318,0.009567463663071341,24.593211899946517,medium
513,32,12.751422105630983,0.016281428448649365,44.46311650134758,medium
513,40,12.713544882748216,0.013707221012836225,39.60374545135588,medium
513,64,12.694497281288017,0.008668475780606246,29.49994263068181,medium
513,80,12.675471639653384,0.006998337084288253,26.30694402203557,medium
513,96,12.675412385038815,0.005852177770827012,24.16607267220583,medium
513,108,12.669933939112802,0.005174679025071115,22.872337683334322,medium
513,128,12.662616282364551,0.004343970602140767,21.37245847551188,medium
513,160,12.657876597708475,0.003455862210061265,19.919142371723783,medium
513,256,12.650147790477119,0.002084253217610752,18.109215627548608,medium
513,512,12.34213809066786,0.0010001988764525133,18.913463686294463,medium
513,768,12.118922311431072,0.000802700752730337,23.414379520357755,medium
513,1024,12.034845563005169,0.0007539510382355808,29.06560426511565,medium
513,1536,10.71309193440728,0.0007010234403300508,38.05869599610742,medium
768,0,23.385864856193542,0.0010946768186748277,8.766542712533553,medium
770,8,13.063773386487629,0.005807015557488916,22.05417278186627,medium
769,16,13.059021944226714,0.008613491379596327,32.34642358212727,medium
769,32,12.748765552544318,0.016248221535066058,62.30902885453959,medium
769,40,12.71091814605347,0.013674386804151896,54.75676075627394,medium
769,64,12.69194140446006,0.0086365273202568,39.382859099898,medium
769,80,12.672978080613738,0.006967167596292675,34.440411921813414,medium
769,96,12.672950694943882,0.005821406644640374,31.09715804484074,medium
769,108,12.667514878510797,0.005144440767546073,29.09260392949507,medium
769,128,12.660257049961997,0.004314480197108842,26.71945359000959,medium
769,160,12.655600685693688,0.00342741330987644,24.329926303085376,medium
769,256,12.648107638172807,0.0020587513138068596,21.06629380830785,medium
769,512,12.340574775347717,0.0009806574349507271,20.680509230660125,medium
769,768,12.118019836167841,0.0007914198119399513,25.005043092552757,medium
769,1024,12.034203930016458,0.0007459306258766984,30.616228114421915,medium
769,1536,10.712591003659117,0.0006947618059780117,39.43733895706542,medium
1024,0,22.862108470263056,0.0008475037837469607,10.4971806179841,medium
1026,8,13.057559122198084,0.00510592463297605,26.088955999610146,medium
1025,16,12.87816225449254,0.008133626288706095,40.15001591349925,medium
1025,32,12.747459159484267,0.016231891621815413,80.16450243246932,medium
1025,40,12.709621320131847,0.013658176480131599,69.92098519869741,medium
1025,64,12.690669880548965,0.008620633271368111,49.282051078494405,medium
1025,80,12.671728195425139,0.006951544031435185,42.59299322224329,medium
1025,96,12.671712250236375,0.005805926085796528,38.050583664993,medium
1025,108,12.666291155546551,0.005129144230492988,35.33711539313852,medium
1025,128,12.659055078087126,0.004299455548672961,32.09393872976396,medium
1025,160,12.6544290155544,0.0034127674331353498,28.77311420611817,medium
1025,256,12.647024353907625,0.002045210260492091,24.067404990835886,medium
1025,512,12.339684478371483,0.0009695287227478034,22.50842644726957,medium
1025,768,12.11743864197722,0.00078415488455718,26.636547512665068,medium
1025,1024,12.033763645736274,0.0007404270723743811,32.20040449415663,medium
1025,1536,10.712233015914608,0.0006902869591716539,40.85274221744771,medium
1536,0,17.68670440338919,0.0007668871988819896,12.878073406333266,medium
1538,8,12.875561476638502,0.004318500413253287,33.61644085918557,medium
1537,16,12.871343829134435,0.007626807220106129,55.78743392805751,medium
1537,32,12.746167117422988,0.016215741096049428,115.88480879162015,medium
1537,40,12.708335418513272,0.013642102709899425,100.26046272439568,medium
1537,64,12.68940268388363,0.008604793313051407,69.09660904806105,medium
1537,80,12.670476311627034,0.00693589548395888,58.917340176628144,medium
1537,96,12.670468741299358,0.005790382224083803,51.979963730841135,medium
1537,108,12.66505789997962,0.005113728535906363,47.85077210498858,medium
1537,128,12.657837900392831,0.004284240827494266,42.871106059247126,medium
1537,160,12.653234048434578,0.003397830344137573,37.69319510911642,medium
1537,256,12.645895448445106,0.002031098942210588,30.11738432508046,medium
1537,512,12.338707745900056,0.0009573195668549689,26.236972375741914,medium
1537,768,12.1167340571538,0.0007753475742644211,29.957756664584753,medium
1537,1024,12.033198607372565,0.0007333640928280398,35.421341317917964,medium
1537,1536,10.711755475014856,0.0006843176979247502,43.744867519523346,medium
2048,0,17.497252132020673,0.0006537471990633459,16.110552270160593,medium
2050,8,12.867381296228407,0.003897646299122317,41.017351623033356,medium
2049,16,12.868106709802154,0.007388530324464976,71.61848914604732,medium
2049,32,12.745526344104869,0.01620773142957293,151.60972397232416,medium
2049,40,12.707696461187272,0.013634115743324429,130.60538985140133,medium
2049,64,12.688770641862407,0.008596892787786123,88.9192126639159,medium
2049,80,12.669849559666465,0.006928061084451754,75.25129136842722,medium
2049,96,12.66984503885149,0.005782585943485466,65.92066100435316,medium
2049,108,12.664437604027693,0.005105974836507272,60.37685850232938,medium
2049,128,12.657223460822213,0.004276560332861545,53.662588029165555,medium
2049,160,12.652627552847148,0.0033902491492946857,46.63054170539797,medium
2049,256,12.645312922104225,0.0020238173629495665,36.19250396518318,medium
2049,512,12.338182884210559,0.0009507587957362391,30.00638551499925,medium
2049,768,12.116322484403875,0.0007702029148903769,33.31621110843226,medium
2049,1024,12.03285143714154,0.0007290244649402035,38.67858173345941,medium
2049,1536,10.711451438651984,0.000680517243388843,46.68161145608893,medium
0,8,7957.670283466337,0.6195676263141348,76.63869164970966,high
0,16,2180.349875196622,0.19877401055103588,49.79915554241062,high
0,32,648.2718939920137,0.08733552443769031,44.71587318033614,high
0,40,374.3753299544819,0.06739724114364055,43.630361996850695,high
0,64,49.129522842148944,0.03984439851877379,42.68537817234655,high
0,80,48.94972766919822,0.03105773959874373,42.54443371788373,high
0,96,48.829864220564396,0.025306344284975947,42.56033649269468,high
0,108,47.88424747154024,0.022190436956302323,42.597548439701775,high
0,128,47.80659490977213,0.018197459224645482,42.62496760717475,high
0,160,45.471466355554824,0.014046993381264024,42.66358882899484,high
0,256,43.41523306321969,0.007746574328634067,42.90018690800916,high
0,512,41.305596531411204,0.002880350983117081,46.32473151142451,high
0,768,39.81393278967478,0.0015111041931867083,52.053657120083535,high
0,1024,39.46721593268812,0.0011859553440512992,63.893688521921405,high
0,1536,34.17643560866758,0.0010354575798790227,83.19280717933624,high
8,0,17514.941481822745,1.3115093110678517,43.07330530122297,high
9,8,3546.2514861834234,0.2978005598329667,48.223208257361094,high
8,16,1436.4482147973201,0.14411951635283604,41.317271557998964,high
8,32,491.4412361887887,0.07549679068885691,41.69305522241173,high
8,40,275.18938020901305,0.05975245076442083,41.27004144007836,high
8,64,55.04792284214894,0.03705660505382187,41.70889770367842,high
8,80,50.876981337681514,0.02972082592986483,42.1649211572396,high
8,96,49.74214991056463,0.02500791313582726,43.15246888304286,high
8,108,49.668247675729575,0.021991916293918085,43.319483097086994,high
8,128,49.59952732928905,0.01818442674076152,43.567423262292905,high
8,160,49.49790051423409,0.014112971648807471,44.12500726296604,high
8,256,49.35059505547531,0.008036444281289861,46.12037265697384,high
8,512,48.036902720534165,0.0034865735630344986,55.17793000548917,high
8,768,47.1329930147004,0.00215252230503978,66.09426477224073,high
8,1024,46.619296109819544,0.0017866014160887941,81.70792641190204,high
8,1536,41.49968837497218,0.0015818229751097953,108.82452843114446,high
16,0,5234.141510453566,0.41696995455406305,27.744584071934742,high
17,8,3189.1605372151525,0.27187789121165484,53.079823858822266,high
16,16,1329.2314406037717,0.13652852603966006,43.72924598701883,high
16,32,442.9177544074123,0.07198059635687312,42.319284878843,high
16,40,234.28108722643015,0.0570779367801757,41.324723187282515,high
16,64,47.379157954025025,0.03617226261116494,41.535822714811495,high
16,80,47.20803620392085,0.028834230416748614,41.7622499422699,high
16,96,47.136058609554766,0.023681771873203982,41.75227426633472,high
16,108,47.080844791619604,0.02089938024254345,41.94638049448602,high
16,128,47.029003593840585,0.01730288004765566,42.107469731138195,high
16,160,46.948183335529016,0.013491506914994069,42.666564889407,high
16,256,46.212246414081164,0.007671809295932954,44.12810558001395,high
16,512,44.909844919578056,0.0032630740831531444,51.826618448432484,high
16,768,44.00893838340806,0.0019665624459554274,61.37021763046304,high
16,1024,43.49589251747759,0.0016087795438843855,75.47353960955728,high
16,1536,38.3774268621001,0.001418277096278845,99.72244167249173,high
32,0,2012.5411371914188,0.1825692575823913,24.848169038176163,high
33,8,2992.157606866736,0.257742534243005,67.40284620662446,high
32,16,1256.7040971502613,0.13156277651404336,50.91495235296494,high
32,32,398.44554388109646,0.06912739396313367,45.26286465594304,high
32,40,194.09532080307247,0.05424549120549118,43.110552638264586,high
32,64,47.21104300977598,0.034070825808051874,41.767743274388806,high
32,80,44.91691685214335,0.02780996155159981,42.24892065062519,high
32,96,44.21605860955477,0.023546494905273954,42.962892695310764,high
32,108,44.1608447916196,0.020764103274613425,42.911038208440104,high
32,128,44.10900359384058,0.01716760307972563,42.73029352712493,high
32,160,44.028183335529015,0.013356229947064044,42.86923970844655,high
32,256,43.90706057902584,0.007606986357741365,43.90255436084513,high
32,512,42.608659463926145,0.0032482558875042786,50.79380948678917,high
32,768,41.7084118399389,0.0019599806525909132,59.629600745057935,high
32,1024,41.195480478113026,0.0016036290518273671,73.04481028556499,high
32,1536,36.07718916037292,0.0014153058246890293,95.94994176852396,high
40,0,1455.612067251856,0.14206513848946076,24.43894346621651,high
41,8,2956.1677086587974,0.2554244256772123,75.18331230722809,high
40,16,1239.1941849465738,0.13037350878136394,54.8079867114079,high
40,32,386.6130459557852,0.06826996657724155,47.072404659268244,high
40,40,183.07482287776122,0.05362806381959906,44.37423996307314,high
40,64,47.164034521793,0.03348321970826461,42.314128171715794,high
40,80,44.87060651031918,0.027231082278797673,42.4525781730846,high
40,96,44.16009584699151,0.022846960373233145,42.68398058517748,high
40,108,44.11556387167554,0.02019809177531264,42.65622400643511,high
40,128,44.0734713822826,0.016723450435250798,42.44410339743217,high
40,160,44.00467508254793,0.013062376784800418,42.635112552871846,high
40,256,43.8979881568092,0.007493581080033337,43.788020960911844,high
40,512,42.60650411426465,0.003221314016735544,50.78357337607538,high
40,768,41.707449218282754,0.0019479478818891297,59.64797992781006,high
40,1024,41.19472703248788,0.0015942109815130622,73.04454882760471,high
40,1536,36.07675502277519,0.0014098791047174161,95.95223795792532,high
64,0,658.1918071278196,0.08402315034296998,23.933604153364747,high
65,8,2903.398387330508,0.25167059743386117,99.0585894017701,high
65,16,1209.6590721747068,0.12841330121764133,67.37461262321554,high
64,32,365.4411259706487,0.06696107221908423,52.94908219767913,high
64,40,163.1993208030725,0.05223195336799593,48.69211666723603,high
64,64,46.4711458141804,0.03243683389517712,44.563075288278284,high
64,80,44.78596990351555,0.026173124693752298,43.852527601532906,high
64,96,44.07016582847353,0.021722835141758382,43.272792998590766,high
64,108,44.04007004747393,0.019254418972792526,43.125525826380915,high
64,128,44.01205609383325,0.01595575932963399,42.67566091555979,high
64,160,43.962062549047324,0.012529720116042933,42.771007506154454,high
64,256,43.88084228641848,0.007279257700149317,43.93069002416195,high
64,512,42.6029397661911,0.003176759665816197,51.038667095420735,high
64,768,41.70615008871816,0.0019317087623317115,59.93920843804363,high
64,1024,41.19379257923491,0.0015825303158508671,73.30658512014332,high
64,1536,36.07632924456889,0.0014045568771386817,96.21988306271227,high
80,0,403.1761616888009,0.06546198190094343,23.85329984460038,high
81,8,2881.9987439813863,0.25030105806073644,115.01235295745184,high
81,16,982.7142192988367,0.11187385480495703,66.45201506861645,high
80,32,357.19601278061793,0.06636360024879215,57.04888236172483,high
80,40,155.38025538251168,0.051665354424477034,51.78551306344553,high
80,64,44.84327054473876,0.03208839302715656,46.288940494116474,high
80,80,44.75348850898945,0.02576710726217606,45.13819601655177,high
80,96,44.03602598393694,0.02129608708505103,44.126789349126305,high
80,108,44.01023995122027,0.01888154276962182,43.846771698859676,high
80,128,43.986167755541786,0.015632155100990662,43.179939691152065,high
80,160,43.94287100182345,0.012289825775744502,43.125916273093274,high
80,256,43.8717005553637,0.007164986061964633,44.12489711200424,high
80,512,42.60064376294833,0.0031480596252815435,51.21211755949978,high
80,768,41.705223268439475,0.001920123508848083,60.12232838852059,high
80,1024,41.19309896930972,0.0015738601917860914,73.46574015545727,high
80,1536,36.07597980289553,0.001400188856221699,96.37800759168977,high
96,0,235.83073281604698,0.05346064977415886,23.849036909684543,high
97,8,2869.8054016359993,0.249417482528462,131.1104524401514,high
97,16,964.1262937720285,0.11056423924177859,73.1098698480609,high
96,32,351.29754388109654,0.06605211699520364,61.22128193510346,high
96,40,149.66789223164392,0.05136735709470401,54.95898614382652,high
96,64,44.81619008810372,0.03174988731921857,48.12787323639741,high
96,80,44.730319569543376,0.02547749551910009,46.56027110441654,high
96,96,44.01175858265136,0.02099274456898124,45.15638111339406,high
96,108,43.988523002409224,0.018610080909483705,44.72821095666656,high
96,128,43.96727838898392,0.015396038019017356,43.84918918925695,high
96,160,43.928187721884875,0.012106284776512327,43.61081823135654,high
96,256,43.86437165596076,0.0070733748194279,44.402645152250976,high
96,512,42.59871994186367,0.0031240118617233,51.42043033002524,high
96,768,41.70445291823037,0.0019104941312343164,60.327903018743164,high
96,1024,41.192534001214796,0.0015667980905994883,73.64982784716774,high
96,1536,36.075710793807055,0.0013968262426157525,96.55981164068157,high
108,0,142.18614560801802,0.04664861111186077,23.824175274017378,high
109,8,2863.1168035741625,0.24897694483141336,143.20949959669045,high
109,16,957.7650150635125,0.1101032770165238,78.36856163282022,high
108,32,347.98248853054304,0.06581189559298962,64.38907724874677,high
108,40,146.47932080307248,0.05113630119408289,57.38767134040509,high
108,64,44.80077474831267,0.03155719557183046,49.565516164092884,high
108,80,44.71692763251264,0.025310096306215998,47.68550438439016,high
108,96,43.99760747154025,0.020815855680092355,45.99993780579598,high
108,108,43.9756855026575,0.01844961216258717,45.45696774912307,high
108,128,43.95612669250112,0.01525664181298232,44.42201587341194,high
108,160,43.91913140129051,0.011993080769082662,44.02995521449964,high
108,256,43.85970508296462,0.007015042656976049,44.6486975216245,high
108,512,42.59743878662358,0.0031079974212221127,51.591477202262794,high
108,768,41.70394530895446,0.0019041490152854005,60.49204704878067,high
108,1024,41.19216368256195,0.0015621691074388841,73.79814176378636,high
108,1536,36.07554054388136,0.0013946981185445162,96.70539469605703,high
128,0,102.00314838623545,0.038234374173633325,23.837840902822354,high
129,8,2834.7181045654356,0.24685903999645642,162.45262546232132,high
129,16,947.5689699955203,0.10935932735103777,87.05505336494245,high
128,32,343.8506708160811,0.06551248851223151,69.7191028842812,high
128,40,142.48419885185297,0.050846799603414816,61.494191313796804,high
128,64,44.78116976566821,0.03131213328877476,52.034614212779545,high
128,80,44.69946911594538,0.02509186484912511,49.63127747834218,high
128,96,43.97971104589222,0.020592150359492082,47.50996185619452,high
128,108,43.959263469804036,0.018244336751918857,46.77283020906889,high
128,128,43.941235807014024,0.015070505744393621,45.46182153111047,high
128,160,43.90711172142883,0.011842834770811722,44.81890987290019,high
128,256,43.85284704605605,0.006929317195619005,45.097518613178046,high
128,512,42.59533222413988,0.003081665390175892,51.87607757783823,high
128,768,41.70304077986848,0.0018928424017106956,60.75517059258011,high
128,1024,41.19148333976486,0.001553664822475253,74.03141839269031,high
128,1536,36.07519895926546,0.001390428310845746,96.93003378611681,high
160,0,97.84268830546503,0.029460259040988854,23.874669480541353,high
161,8,2813.8392998196496,0.24538445017155605,193.93452089058795,high
161,16,919.3731003236057,0.10730423480935304,99.91988375044824,high
160,32,339.4697017109362,0.06519502698287317,78.33089601820961,high
160,40,138.22256075435132,0.05053798524852338,68.16254977631844,high
160,64,44.759499499973884,0.031041254967595633,56.10094570452201,high
160,80,44.67995833821146,0.0248479801274512,52.86925546417366,high
160,96,43.95949863950465,0.020339495279647412,50.07487111468533,high
160,108,43.940460519356996,0.0180092998713309,49.025292645840565,high
160,128,43.92413098585024,0.014856695479846343,47.283236524904666,high
160,160,43.89271246920886,0.011662844118062074,46.21890498764466,high
160,256,43.84420255790344,0.0068212610937113645,45.920580445018686,high
160,512,42.59244482648676,0.0030455729195119447,52.37417919871442,high
160,768,41.701767258053216,0.0018769233790198378,61.199498975806435,high
160,1024,41.19052193290779,0.0015416472367619392,74.42794263714072,high
160,1536,36.074717162271,0.001384405848415006,97.30773221660375,high
256,0,93.93034499460855,0.016205191526676304,24.064296023640892,high
257,8,2774.5991831785877,0.2426467969953408,287.9939186244327,high
257,16,883.8616141093958,0.10483810230852667,139.92402837269904,high
256,32,332.5965494059584,0.06474769710570087,104.36791606240902,high
256,40,131.47235134340133,0.050099564276715414,88.41062486570577,high
256,64,44.02786951809743,0.03064588019414004,68.62055935014963,high
256,80,43.95055063861625,0.02448038388251106,62.91530769099341,high
256,96,43.92772368930529,0.019942308402155388,58.28553267614235,high
256,108,43.910338830742916,0.01763277876365486,56.305740591396955,high
256,128,43.89606177204501,0.014505830307280889,53.2903840226696,high
256,160,43.868101521309946,0.011355207269325693,50.9536263494482,high
256,256,43.82769226069459,0.006614882378600798,48.80908660088871,high
256,512,42.58587365463505,0.0029634332713655434,54.04582018829105,high
256,768,41.69860112366104,0.0018373466991176636,62.61305539668685,high
256,1024,41.18807108060013,0.0015110115829161533,75.6899689578116,high
256,1536,36.07342600435305,0.0013682663744406997,98.47911301030445,high
512,0,88.75675112112413,0.005867726854443583,25.757909477486418,high
513,8,2744.1580517623293,0.24048392708358518,539.8492921615772,high
513,16,855.1507493202198,0.10280122315178065,247.93747725709162,high
512,32,326.98007279397234,0.0643407060468613,174.2722536852668,high
512,40,125.92125628694339,0.049697311011754695,142.97422432158177,high
512,64,43.997685557481866,0.030268580686445452,102.79765497467938,high
512,80,43.92163237766014,0.024118905620559697,90.60963476166977,high
512,96,43.8997137954477,0.01959218472893554,81.19198313382142,high
512,108,43.88319923643553,0.017293533834812507,76.77594924169112,high
512,128,43.87009371639437,0.014181229611647993,70.45005677304826,high
512,160,43.844123147726364,0.011055477599530954,64.77535137387875,high
512,256,43.80919225181016,0.0063836322675453845,57.64924503884996,high
512,512,42.57626027424528,0.002843266016493369,59.17695105489422,high
512,768,41.693167776441044,0.0017694298588677192,66.75551840801498,high
512,1024,41.18367024010628,0.0014560010767430698,79.41558695379678,high
512,1536,36.07087471101003,0.0013363752076528638,101.82858013720126,high
768,0,86.76345942477417,0.0032626722892765696,30.02330365013421,high
769,8,2736.878900792975,0.23995601079123033,792.5736226947358,high
769,16,848.363681432905,0.1023091919791089,356.9854383811753,high
768,32,325.16611530966793,0.0642092598523465,244.32609142977986,high
768,40,124.11886278780526,0.049566702787179465,197.7166326016392,high
768,64,43.98763334536777,0.030142928035019237,137.22391080855078,high
768,80,43.91181088566986,0.02399613697068115,118.59180583077968,high
768,96,43.89006392004605,0.019471561286414904,104.42645731333334,high
768,108,43.873718506561616,0.017175024711388657,97.59734092676256,high
768,128,43.860862406789884,0.014065838241591867,88.00076459381144,high
768,160,43.83530497963731,0.010945250498417677,79.03297617347229,high
768,256,43.80165877345034,0.0062894637880476605,66.977710797167,high
768,512,42.57138916831308,0.0027823771923409695,64.71132159049212,high
768,768,41.68996821525517,0.0017294353440442938,71.17458939547066,high
768,1024,41.18095176149307,0.0014220200940778676,83.42459262946323,high
768,1536,36.0691223873087,0.0013144711613862778,105.37951512907833,high
1024,0,84.66843388105222,0.002273980149565102,35.26489953860307,high
1025,8,2732.0727624534734,0.23960551074488962,1044.9657855784296,high
1025,16,843.6522414676533,0.10196566194900396,465.67008121096757,high
1024,32,324.2686588039095,0.06414422677221907,314.41565842156103,high
1024,40,123.22539270720017,0.04950195857843997,252.50209210717384,high
1024,64,43.98260382449114,0.030080059024061415,171.7120611266148,high
1024,80,43.9068596652069,0.02393424671489426,146.64708951434173,high
1024,96,43.885172471540244,0.01941041818009235,127.74565130469804,high
1024,108,43.868886813454026,0.017114628547543715,118.51089458512507,high
1024,128,43.85612535377189,0.01400662507886685,105.65618488451689,high
1024,160,43.83071767137804,0.010887909145176854,93.4119634300346,high
1024,256,43.79757104643516,0.006238367200357838,76.45966383528636,high
1024,512,42.56844490360384,0.002745573883475466,70.40948958844504,high
1024,768,41.687857141006695,0.0017030469159383665,75.72824375104992,high
1024,1024,41.17910389752705,0.0013989217945026106,87.5800990385279,high
1024,1536,36.067843905650356,0.0012984901406569974,109.04987313531134,high
1536,0,63.96681761355675,0.0019515138101052197,41.42655922533307,high
1537,8,2728.086261546452,0.23931624111218622,1550.176357208038,high
1537,16,839.8391475872611,0.10168894306075522,683.551636657489,high
1536,32,323.3783540076788,0.0640797119319125,454.63046247542513,high
1536,40,122.33790487386887,0.04943764786587973,362.1160176899913,high
1536,64,43.977576830377075,0.0300172215976356,240.75075014977145,high
1536,80,43.901886179191585,0.02387207813970273,202.83204756312907,high
1536,96,43.88024084555943,0.01934877285533211,174.4708080932838,high
1536,108,43.86399760877998,0.01705351348911823,160.43303950055565,high
1536,128,43.85130939076349,0.013946425541261893,141.0759480202919,high
1536,160,43.826009854298995,0.01082906143168884,122.29845684593306,high
1536,256,43.793243522109876,0.006184273146291849,95.59490651608859,high
1536,512,42.56506166493287,0.002703283400088257,82.01895193292813,high
1536,768,41.68524556990325,0.0016704022771453313,85.03499240365237,high
1536,1024,41.17675529293024,0.0013695642370424605,96.11805590264491,high
1536,1536,36.06610474209041,0.001276750596157639,116.59687547690812,high
2048,0,63.2090085280827,0.0014989538108306417,50.99456321397569,high
2049,8,2726.446938270727,0.2391971091824684,2055.624086156316,high
2049,16,838.0539321685665,0.10155891947819636,901.5439722362667,high
2048,32,322.93581529883716,0.06404764390953267,594.8628974872772,high
2048,40,121.89634409411576,0.0494056507079266,471.7512397950147,high
2048,64,43.975064043949686,0.029985811767293265,309.8205860456664,high
2048,80,43.899390804646536,0.02384088595788966,259.05438196950365,high
2048,96,43.87775957714833,0.019317757000193468,221.2397667501112,high
2048,108,43.86153088505962,0.017022679442613646,202.40338305765346,high
2048,128,43.8488709689654,0.013915945268785774,176.55128132264306,high
2048,160,43.823609033882896,0.010799051176487568,151.2513028965881,high
2048,256,43.79098323299976,0.006156019532415304,114.82220669378262,high
2048,512,42.56317367087117,0.002679683474317073,93.75562824518353,high
2048,768,41.683692817170034,0.001650992867980125,94.47283584319675,high
2048,1024,41.175324840577694,0.0013516835826356687,104.81067052858938,high
2048,1536,36.064976771943144,0.0012626509693167893,124.29803120665183,high
