num_a100,num_h100,num_h200,num_gb200,ttff_s,tbf_s,cost,total_time,energy
0,99,277,0,16.87,0.01,68.89,154.92,14033526.77
0,99,277,0,16.87,0.01,68.89,154.92,14033526.77
0,99,277,0,16.87,0.01,68.89,154.92,14033526.77
0,99,277,0,16.87,0.01,68.89,154.92,14033526.77
0,99,277,0,16.87,0.01,68.89,154.92,14033526.77
0,99,277,0,16.87,0.01,68.89,154.92,14033526.77
0,99,277,0,16.87,0.01,68.89,154.92,14033526.77
0,99,277,0,16.87,0.01,68.89,154.92,14033526.77
0,384,8,0,17.59,0.01,75.58,172.07,14675225.69
0,374,16,0,17.76,0.01,69.38,157.8,13040546.73
0,384,24,0,18.8,0.01,88.44,193.1,17720663.01
0,384,32,0,18.8,0.01,92.39,197.67,17930138.35
0,384,40,0,17.76,0.01,92.37,193.74,18945118.53
0,384,48,0,17.54,0.01,93.85,193.05,19056672.33
0,384,56,0,17.54,0.01,94.17,190.05,19057185.39
0,331,64,0,18.64,0.01,67.37,149.34,12723615.13
0,349,72,0,17.68,0.01,73.05,152.68,14295442.83
0,313,80,0,18.72,0.01,67.45,149.24,12750180.92
0,261,88,0,17.71,0.01,69.58,174.52,13361496.08
0,269,96,0,17.6,0.01,71.59,171.67,13742146.45
0,261,104,0,17.6,0.01,71.63,171.58,13745359.83
0,243,112,0,17.71,0.01,71.07,173.79,13808555.23
0,202,128,0,18.88,0.01,66.34,173.26,12782128.69
0,197,144,0,17.86,0.01,68.86,175.36,13433407.35
0,182,160,0,17.86,0.01,68.6,174.32,13390749.34
0,170,176,0,17.86,0.01,70.36,174.44,13840107.25
0,159,192,0,17.86,0.01,67.12,166.06,13399729.57
0,145,208,0,17.86,0.01,67.05,161.97,13348545.0
0,139,224,0,16.87,0.01,70.12,165.46,14133392.47
0,125,240,0,16.87,0.01,70.29,165.55,14401508.36
0,106,256,0,16.87,0.01,71.09,167.08,14503481.08
0,99,277,0,16.87,0.01,68.89,154.92,14033526.77
0,99,277,0,16.87,0.01,68.89,154.92,14033526.77
0,99,277,0,16.87,0.01,68.89,154.92,14033526.77
0,99,277,0,16.87,0.01,68.89,154.92,14033526.77
0,99,277,0,16.87,0.01,68.89,154.92,14033526.77
0,99,277,0,16.87,0.01,68.89,154.92,14033526.77
0,99,277,0,16.87,0.01,68.89,154.92,14033526.77
0,99,277,0,16.87,0.01,68.89,154.92,14033526.77
0,99,277,0,16.87,0.01,68.89,154.92,14033526.77
0,99,277,0,16.87,0.01,68.89,154.92,14033526.77
0,99,277,0,16.87,0.01,68.89,154.92,14033526.77
0,99,277,0,16.87,0.01,68.89,154.92,14033526.77
0,99,277,0,16.87,0.01,68.89,154.92,14033526.77
0,99,277,0,16.87,0.01,68.89,154.92,14033526.77
0,99,277,0,16.87,0.01,68.89,154.92,14033526.77
0,99,277,0,16.87,0.01,68.89,154.92,14033526.77
0,99,277,0,16.87,0.01,68.89,154.92,14033526.77
0,99,277,0,16.87,0.01,68.89,154.92,14033526.77
0,99,277,0,16.87,0.01,68.89,154.92,14033526.77
0,99,277,0,16.87,0.01,68.89,154.92,14033526.77
0,99,277,0,16.87,0.01,68.89,154.92,14033526.77
0,99,277,0,16.87,0.01,68.89,154.92,14033526.77
0,99,277,0,16.87,0.01,68.89,154.92,14033526.77
0,99,277,0,16.87,0.01,68.89,154.92,14033526.77
0,99,277,0,16.87,0.01,68.89,154.92,14033526.77
0,99,277,0,16.87,0.01,68.89,154.92,14033526.77
0,99,277,0,16.87,0.01,68.89,154.92,14033526.77
0,99,277,0,16.87,0.01,68.89,154.92,14033526.77
0,99,277,0,16.87,0.01,68.89,154.92,14033526.77
0,99,277,0,16.87,0.01,68.89,154.92,14033526.77
0,99,277,0,16.87,0.01,68.89,154.92,14033526.77
0,99,277,0,16.87,0.01,68.89,154.92,14033526.77
0,99,277,0,16.87,0.01,68.89,154.92,14033526.77
